,k,p,class,is_adversarial
0,45.0,0.4682793319225311,302.0,0.0
1,16.0,0.5161750316619873,904.0,0.0
2,28.0,0.4418094158172607,159.0,0.0
3,48.0,0.33539679646492,532.0,0.0
4,12.0,0.0519133731722831,399.0,0.0
5,38.0,0.6218311190605164,121.0,0.0
6,20.0,0.3145141005516052,988.0,0.0
7,69.0,0.3252065181732178,912.0,0.0
8,39.0,0.3290179371833801,436.0,0.0
9,19.0,0.2520412504673004,436.0,0.0
10,76.0,0.3350425064563751,454.0,0.0
11,29.0,0.271841824054718,970.0,0.0
12,59.0,0.5583061575889587,455.0,0.0
13,108.0,0.3288972675800323,769.0,0.0
14,23.0,0.4095020592212677,502.0,0.0
15,22.0,0.3654291033744812,556.0,0.0
16,175.0,0.3567960262298584,630.0,0.0
17,3.0,0.8073553442955017,591.0,0.0
18,22.0,0.1411483734846115,409.0,0.0
19,217.0,0.1460870057344436,893.0,0.0
20,22.0,0.3488838374614715,904.0,0.0
21,12.0,0.2581380605697632,860.0,0.0
22,6.0,0.2865737378597259,446.0,0.0
23,23.0,0.3527456521987915,671.0,0.0
24,42.0,0.2054488360881805,127.0,0.0
25,21.0,0.1584752351045608,491.0,0.0
26,42.0,0.1536854803562164,974.0,0.0
27,11.0,0.1529193967580795,905.0,0.0
28,8.0,0.2374395728111267,9.0,0.0
29,23.0,0.2921577394008636,981.0,0.0
30,54.0,0.1829844266176223,724.0,0.0
31,32.0,0.2558003664016723,275.0,0.0
32,28.0,0.3064864575862884,516.0,0.0
33,27.0,0.2703708410263061,861.0,0.0
34,56.0,0.2927576601505279,21.0,0.0
35,39.0,0.5536205768585205,698.0,0.0
36,14.0,0.3821214735507965,446.0,0.0
37,20.0,0.1841636151075363,751.0,0.0
38,96.0,0.2749378085136413,559.0,0.0
39,26.0,0.2602616548538208,611.0,0.0
40,11.0,0.425678551197052,449.0,0.0
41,24.0,0.2086922377347946,948.0,0.0
42,9.0,0.2804594039916992,73.0,0.0
43,26.0,0.1912292093038559,492.0,0.0
44,27.0,0.3625260591506958,519.0,0.0
45,51.0,0.1574971973896026,854.0,0.0
46,28.0,0.3338478803634643,574.0,0.0
47,40.0,0.3424325585365295,860.0,0.0
48,25.0,0.2231837064027786,981.0,0.0
49,50.0,0.1141716763377189,986.0,0.0
50,14.0,0.7202593684196472,49.0,0.0
51,10.0,0.234977513551712,921.0,0.0
52,8.0,0.1402997076511383,98.0,0.0
53,71.0,0.2759757041931152,325.0,0.0
54,27.0,0.5263022184371948,103.0,0.0
55,22.0,0.1573186218738556,860.0,0.0
56,225.0,0.436120331287384,948.0,0.0
57,20.0,0.1208333224058151,368.0,0.0
58,2.0,0.3304478824138641,904.0,0.0
59,35.0,0.2942747771739959,886.0,0.0
60,13.0,0.0801039785146713,233.0,0.0
61,53.0,0.1668205559253692,395.0,0.0
62,31.0,0.2080954611301422,955.0,0.0
63,58.0,0.2555036544799804,707.0,0.0
64,21.0,0.4255079627037048,49.0,0.0
65,46.0,0.2527243494987488,222.0,0.0
66,40.0,0.3219200670719147,915.0,0.0
67,18.0,0.0956797003746032,744.0,0.0
68,12.0,0.272440105676651,4.0,0.0
69,50.0,0.3379825055599212,61.0,0.0
70,6.0,0.5506693124771118,969.0,0.0
71,25.0,0.6423484086990356,747.0,0.0
72,2.0,0.0665065199136734,846.0,0.0
73,29.0,0.2203873544931411,381.0,0.0
74,24.0,0.0896644666790962,376.0,0.0
75,8.0,0.143275111913681,556.0,0.0
76,9.0,0.1944823712110519,624.0,0.0
77,10.0,0.1075904369354248,536.0,0.0
78,10.0,0.2053733617067337,525.0,0.0
79,28.0,0.0724109858274459,611.0,0.0
80,25.0,0.3251389563083648,890.0,0.0
81,19.0,0.308904618024826,890.0,0.0
82,21.0,0.0832666233181953,73.0,0.0
83,73.0,0.2147851586341858,82.0,0.0
84,1.0,0.2070930451154709,731.0,0.0
85,13.0,0.3595187664031982,126.0,0.0
86,38.0,0.4442986845970154,142.0,0.0
87,10.0,0.7676461935043335,904.0,0.0
88,30.0,0.6138334274291992,743.0,0.0
89,42.0,0.1592781245708465,647.0,0.0
90,63.0,0.2438788414001464,918.0,0.0
91,17.0,0.297394186258316,901.0,0.0
92,25.0,0.4595895111560821,904.0,0.0
93,20.0,0.1669192761182785,904.0,0.0
94,20.0,0.4527021050453186,462.0,0.0
95,40.0,0.6111154556274414,439.0,0.0
96,14.0,0.256379097700119,690.0,0.0
97,33.0,0.2495919317007064,69.0,0.0
98,13.0,0.1023298576474189,900.0,0.0
99,28.0,0.1707632392644882,443.0,0.0
100,53.0,0.5082933902740479,449.0,0.0
101,5.0,0.3106372654438019,405.0,0.0
102,21.0,0.1394515037536621,739.0,0.0
103,6.0,0.4016056954860687,449.0,0.0
104,58.0,0.2154550105333328,68.0,0.0
105,36.0,0.0612846687436103,762.0,0.0
106,23.0,0.1926562339067459,752.0,0.0
107,37.0,0.2605586349964142,752.0,0.0
108,20.0,0.6303288340568542,338.0,0.0
109,4.0,0.1481810510158538,905.0,0.0
110,72.0,0.0830545723438263,753.0,0.0
111,37.0,0.0262150578200817,612.0,0.0
112,34.0,0.0890010818839073,476.0,0.0
113,36.0,0.1543797105550766,233.0,0.0
114,15.0,0.1749657094478607,708.0,0.0
115,18.0,0.3596439063549042,901.0,0.0
116,28.0,0.4734209179878235,47.0,0.0
117,40.0,0.3204247057437897,436.0,0.0
118,31.0,0.1697295755147934,354.0,0.0
119,86.0,0.1591782122850418,913.0,0.0
120,8.0,0.1037868186831474,720.0,0.0
121,31.0,0.539506196975708,41.0,0.0
122,10.0,0.1742677390575409,904.0,0.0
123,27.0,0.1060195863246917,975.0,0.0
124,11.0,0.0747058093547821,103.0,0.0
125,27.0,0.6177743077278137,879.0,0.0
126,41.0,0.2608136534690857,913.0,0.0
127,6.0,0.0436278991401195,167.0,0.0
128,22.0,0.4477539360523224,409.0,0.0
129,31.0,0.4089279174804687,372.0,0.0
130,50.0,0.3359000384807586,761.0,0.0
131,21.0,0.3862601816654205,701.0,0.0
132,1.0,0.1329419016838073,904.0,0.0
133,10.0,0.1216554567217826,904.0,0.0
134,32.0,0.2431838065385818,949.0,0.0
135,11.0,0.0464732311666011,354.0,0.0
136,49.0,0.2976942658424377,496.0,0.0
137,22.0,0.1115431860089302,188.0,0.0
138,35.0,0.0793311595916748,376.0,0.0
139,10.0,0.4892239272594452,352.0,0.0
140,15.0,0.2197454124689102,95.0,0.0
141,19.0,0.2461117804050445,904.0,0.0
142,12.0,0.1092563271522522,733.0,0.0
143,25.0,0.1331153213977813,998.0,0.0
144,13.0,0.1694383770227432,904.0,0.0
145,53.0,0.0783522278070449,975.0,0.0
146,47.0,0.1051205396652221,567.0,0.0
147,12.0,0.0930315107107162,653.0,0.0
148,101.0,0.0533403754234313,891.0,0.0
149,31.0,0.1935364454984665,331.0,0.0
150,8.0,0.1161116138100624,720.0,0.0
151,14.0,0.0898716822266578,333.0,0.0
152,34.0,0.1819645166397094,451.0,0.0
153,12.0,0.1010305732488632,599.0,0.0
154,32.0,0.0851755738258361,424.0,0.0
155,18.0,0.4555351138114929,702.0,0.0
156,39.0,0.5961520671844482,61.0,0.0
157,59.0,0.2778948843479156,415.0,0.0
158,7.0,0.1172038540244102,446.0,0.0
159,75.0,0.4405499100685119,297.0,0.0
160,40.0,0.1519474685192108,561.0,0.0
161,13.0,0.0837801247835159,586.0,0.0
162,32.0,0.1594680249691009,701.0,0.0
163,67.0,0.3724838197231293,904.0,0.0
164,32.0,0.2219034731388092,704.0,0.0
165,57.0,0.3576993346214294,444.0,0.0
166,24.0,0.2505502998828888,946.0,0.0
167,21.0,0.5080456733703613,42.0,0.0
168,28.0,0.3446994423866272,741.0,0.0
169,22.0,0.1493495553731918,442.0,0.0
170,20.0,0.1159148067235946,912.0,0.0
171,19.0,0.0854556784033775,148.0,0.0
172,15.0,0.2482005506753921,811.0,0.0
173,12.0,0.5689838528633118,289.0,0.0
174,11.0,0.3097947835922241,701.0,0.0
175,21.0,0.2280523478984832,663.0,0.0
176,31.0,0.3056531846523285,288.0,0.0
177,46.0,0.2689240872859955,663.0,0.0
178,10.0,0.0878290310502052,905.0,0.0
179,23.0,0.3624064028263092,975.0,0.0
180,11.0,0.3843815624713897,714.0,0.0
181,11.0,0.1888577044010162,337.0,0.0
182,11.0,0.4674403667449951,111.0,0.0
183,15.0,0.1410703808069229,319.0,0.0
184,12.0,0.1545450836420059,331.0,0.0
185,25.0,0.4525982439517975,912.0,0.0
186,34.0,0.3354259133338928,507.0,0.0
187,175.0,0.207436591386795,553.0,0.0
188,10.0,0.0882292687892913,701.0,0.0
189,174.0,0.1839069128036499,528.0,0.0
190,17.0,0.1439173966646194,890.0,0.0
191,42.0,0.1624741703271865,888.0,0.0
192,93.0,0.1142787262797355,749.0,0.0
193,18.0,0.4363792836666107,836.0,0.0
194,9.0,0.081772930920124,737.0,0.0
195,21.0,0.0962274074554443,698.0,0.0
196,9.0,0.3660635650157928,751.0,0.0
197,29.0,0.0948241278529167,582.0,0.0
198,121.0,0.3343651890754699,826.0,0.0
199,59.0,0.5026025772094727,701.0,0.0
200,23.0,0.2856863439083099,482.0,0.0
201,37.0,0.2817286550998688,547.0,0.0
202,31.0,0.3803364932537079,805.0,0.0
203,29.0,0.1732688397169113,922.0,0.0
204,49.0,0.2614275217056274,835.0,0.0
205,11.0,0.5567343831062317,437.0,0.0
206,26.0,0.2456335574388504,631.0,0.0
207,11.0,0.1060872599482536,740.0,0.0
208,33.0,0.1895646005868911,665.0,0.0
209,30.0,0.1936835348606109,519.0,0.0
210,69.0,0.1760063767433166,878.0,0.0
211,19.0,0.3391964137554168,674.0,0.0
212,13.0,0.2550742030143738,918.0,0.0
213,15.0,0.1951398104429245,47.0,0.0
214,34.0,0.2906725704669952,686.0,0.0
215,67.0,0.0528723187744617,975.0,0.0
216,30.0,0.4507204890251159,718.0,0.0
217,16.0,0.3177933096885681,353.0,0.0
218,42.0,0.103992111980915,320.0,0.0
219,35.0,0.1703924983739853,86.0,0.0
220,4.0,0.1265173703432083,556.0,0.0
221,45.0,0.5058639645576477,691.0,0.0
222,14.0,0.3842398822307586,860.0,0.0
223,17.0,0.0957435593008995,657.0,0.0
224,28.0,0.0654292181134224,986.0,0.0
225,6.0,0.1994547843933105,632.0,0.0
226,14.0,0.0850062444806099,438.0,0.0
227,47.0,0.2379165440797805,645.0,0.0
228,0.0,0.0,0.0,0.0
229,13.0,0.2059050500392913,273.0,0.0
230,25.0,0.1605649441480636,627.0,0.0
231,9.0,0.1759755313396453,753.0,0.0
232,87.0,0.4739493727684021,304.0,0.0
233,169.0,0.3271218836307525,601.0,0.0
234,26.0,0.4655046164989471,141.0,0.0
235,24.0,0.4940261840820312,269.0,0.0
236,11.0,0.5209887623786926,420.0,0.0
237,10.0,0.4082529246807098,98.0,0.0
238,26.0,0.1093777194619178,324.0,0.0
239,16.0,0.139071375131607,739.0,0.0
240,38.0,0.3099293410778045,870.0,0.0
241,4.0,0.3289816081523895,789.0,0.0
242,233.0,0.1304344832897186,692.0,0.0
243,66.0,0.4503271281719208,923.0,0.0
244,27.0,0.3833999335765838,627.0,0.0
245,47.0,0.1251351535320282,141.0,0.0
246,8.0,0.1542236655950546,654.0,0.0
247,25.0,0.4298985600471496,875.0,0.0
248,21.0,0.3934113681316376,698.0,0.0
249,83.0,0.3569191396236419,112.0,0.0
250,14.0,0.4674466550350189,904.0,0.0
251,99.0,0.198191836476326,113.0,0.0
252,23.0,0.2335051149129867,610.0,0.0
253,3.0,0.0682905912399292,789.0,0.0
254,4.0,0.2235285192728042,465.0,0.0
255,11.0,0.3385545909404754,807.0,0.0
256,27.0,0.3847464919090271,603.0,0.0
257,75.0,0.0910824313759803,868.0,0.0
258,69.0,0.1590069234371185,835.0,0.0
259,7.0,0.2176914811134338,902.0,0.0
260,31.0,0.3668599128723144,904.0,0.0
261,35.0,0.3312385678291321,458.0,0.0
262,20.0,0.1715162992477417,109.0,0.0
263,4.0,0.3268778324127197,905.0,0.0
264,16.0,0.0987618938088417,904.0,0.0
265,70.0,0.0947684645652771,313.0,0.0
266,24.0,0.2189941853284835,904.0,0.0
267,24.0,0.0868426486849784,782.0,0.0
268,23.0,0.5332651138305664,904.0,0.0
269,24.0,0.1067966073751449,914.0,0.0
270,68.0,0.1342187225818634,274.0,0.0
271,21.0,0.2993578910827636,436.0,0.0
272,59.0,0.3386690020561218,395.0,0.0
273,67.0,0.3863635957241058,586.0,0.0
274,48.0,0.1283505856990814,611.0,0.0
275,11.0,0.0309071969240903,476.0,0.0
276,22.0,0.3274456262588501,73.0,0.0
277,11.0,0.0545871444046497,834.0,0.0
278,24.0,0.1036307364702224,741.0,0.0
279,119.0,0.1143585890531539,557.0,0.0
280,35.0,0.2010381072759628,698.0,0.0
281,20.0,0.3257478177547455,318.0,0.0
282,32.0,0.2088340669870376,750.0,0.0
283,37.0,0.1462606340646743,781.0,0.0
284,28.0,0.2786042392253876,764.0,0.0
285,9.0,0.1780614256858825,700.0,0.0
286,20.0,0.4709174931049347,904.0,0.0
287,21.0,0.3053992092609405,62.0,0.0
288,30.0,0.4177818298339844,99.0,0.0
289,2.0,0.8561089038848877,807.0,0.0
290,24.0,0.3040110170841217,525.0,0.0
291,26.0,0.1328946948051452,5.0,0.0
292,17.0,0.1150928437709808,319.0,0.0
293,16.0,0.3371431827545166,791.0,0.0
294,24.0,0.2592318058013916,785.0,0.0
295,21.0,0.1175982132554054,326.0,0.0
296,9.0,0.2179465591907501,971.0,0.0
297,11.0,0.1770207285881042,52.0,0.0
298,24.0,0.6136931777000427,904.0,0.0
299,22.0,0.2505781352519989,91.0,0.0
300,36.0,0.4086645543575287,424.0,0.0
301,46.0,0.4225341975688934,874.0,0.0
302,28.0,0.2928364872932434,833.0,0.0
303,9.0,0.391907125711441,90.0,0.0
304,86.0,0.095930628478527,406.0,0.0
305,16.0,0.0957823768258094,904.0,0.0
306,101.0,0.1166913658380508,117.0,0.0
307,185.0,0.2035135924816131,346.0,0.0
308,22.0,0.1807716488838195,608.0,0.0
309,99.0,0.2133446186780929,775.0,0.0
310,23.0,0.1603216230869293,309.0,0.0
311,50.0,0.2072254866361618,582.0,0.0
312,78.0,0.1913537681102752,828.0,0.0
313,6.0,0.3628500699996948,660.0,0.0
314,42.0,0.3584505617618561,44.0,0.0
315,34.0,0.1531302481889724,981.0,0.0
316,11.0,0.4820446074008941,975.0,0.0
317,17.0,0.0948257893323898,978.0,0.0
318,41.0,0.2072287797927856,591.0,0.0
319,60.0,0.4253053069114685,173.0,0.0
320,7.0,0.571478009223938,743.0,0.0
321,15.0,0.2677229046821594,407.0,0.0
322,21.0,0.3559486865997314,626.0,0.0
323,12.0,0.1047758981585502,128.0,0.0
324,17.0,0.3035590350627899,586.0,0.0
325,11.0,0.2669842541217804,711.0,0.0
326,16.0,0.2363213151693344,912.0,0.0
327,44.0,0.5824203491210938,874.0,0.0
328,6.0,0.08765509724617,588.0,0.0
329,28.0,0.368876188993454,630.0,0.0
330,26.0,0.27454674243927,48.0,0.0
331,75.0,0.3224309980869293,346.0,0.0
332,33.0,0.3506872057914734,921.0,0.0
333,14.0,0.0753711238503456,660.0,0.0
334,33.0,0.0984101891517639,904.0,0.0
335,15.0,0.4513465166091919,904.0,0.0
336,158.0,0.0618694089353084,787.0,0.0
337,69.0,0.1714944690465927,145.0,0.0
338,27.0,0.2759429514408111,904.0,0.0
339,16.0,0.8069918155670166,5.0,0.0
340,65.0,0.2480924725532531,774.0,0.0
341,24.0,0.3082788288593292,675.0,0.0
342,41.0,0.4457226991653442,101.0,0.0
343,1.0,0.877464234828949,789.0,0.0
344,25.0,0.5255447626113892,409.0,0.0
345,15.0,0.556654155254364,148.0,0.0
346,22.0,0.3940863609313965,554.0,0.0
347,15.0,0.2141999751329422,904.0,0.0
348,13.0,0.4222679436206817,345.0,0.0
349,37.0,0.4219923019409179,401.0,0.0
350,19.0,0.2175264507532119,904.0,0.0
351,9.0,0.0702685788273811,73.0,0.0
352,35.0,0.13245590031147,405.0,0.0
353,14.0,0.3165890574455261,654.0,0.0
354,1.0,0.97713965177536,789.0,0.0
355,45.0,0.2984498739242553,701.0,0.0
356,16.0,0.4731663465499878,240.0,0.0
357,12.0,0.4927430152893066,971.0,0.0
358,7.0,0.4523070752620697,675.0,0.0
359,21.0,0.3130559623241424,718.0,0.0
360,42.0,0.1423443704843521,545.0,0.0
361,38.0,0.1968445777893066,741.0,0.0
362,50.0,0.2609176635742187,158.0,0.0
363,4.0,0.2891286611557007,720.0,0.0
364,14.0,0.1768327504396438,142.0,0.0
365,8.0,0.2483312040567398,904.0,0.0
366,28.0,0.2146374881267547,888.0,0.0
367,35.0,0.1281325668096542,91.0,0.0
368,53.0,0.2079672813415527,501.0,0.0
369,45.0,0.0870936959981918,41.0,0.0
370,46.0,0.2510647177696228,353.0,0.0
371,37.0,0.0336448214948177,599.0,0.0
372,69.0,0.1518594175577163,698.0,0.0
373,178.0,0.0707051306962966,634.0,0.0
374,27.0,0.4448678493499756,511.0,0.0
375,24.0,0.3207461237907409,904.0,0.0
376,24.0,0.4807575047016144,646.0,0.0
377,62.0,0.2858152687549591,971.0,0.0
378,24.0,0.6924641728401184,439.0,0.0
379,36.0,0.2935618460178375,202.0,0.0
380,16.0,0.1111816242337226,657.0,0.0
381,16.0,0.1169647201895713,741.0,0.0
382,19.0,0.1719007939100265,996.0,0.0
383,30.0,0.2188464999198913,424.0,0.0
384,24.0,0.0993590876460075,951.0,0.0
385,43.0,0.2255833446979522,611.0,0.0
386,54.0,0.319606602191925,118.0,0.0
387,7.0,0.6912573575973511,914.0,0.0
388,121.0,0.4068038463592529,394.0,0.0
389,125.0,0.4608317613601684,830.0,0.0
390,41.0,0.3300428986549377,611.0,0.0
391,110.0,0.2382980287075042,735.0,0.0
392,23.0,0.4684125781059265,796.0,0.0
393,13.0,0.0744493156671524,718.0,0.0
394,56.0,0.0842125043272972,745.0,0.0
395,32.0,0.1751831769943237,989.0,0.0
396,85.0,0.2369322180747985,866.0,0.0
397,176.0,0.2793947160243988,305.0,0.0
398,26.0,0.2307882905006408,540.0,0.0
399,20.0,0.44295334815979,302.0,0.0
400,14.0,0.3822158873081207,786.0,0.0
401,33.0,0.4517575800418854,436.0,0.0
402,3.0,0.1329501569271087,747.0,0.0
403,7.0,0.0817482322454452,510.0,0.0
404,20.0,0.292269766330719,512.0,0.0
405,61.0,0.3715665340423584,890.0,0.0
406,12.0,0.0671779587864875,271.0,0.0
407,22.0,0.1530519127845764,803.0,0.0
408,8.0,0.0565153509378433,653.0,0.0
409,14.0,0.7714672088623047,608.0,0.0
410,39.0,0.2908038794994354,886.0,0.0
411,13.0,0.0757757201790809,404.0,0.0
412,8.0,0.130054086446762,904.0,0.0
413,109.0,0.4088223278522491,698.0,0.0
414,9.0,0.050776433199644,904.0,0.0
415,8.0,0.1389074176549911,418.0,0.0
416,35.0,0.1828313916921615,611.0,0.0
417,19.0,0.3452178537845611,418.0,0.0
418,6.0,0.3936475813388824,617.0,0.0
419,38.0,0.2161432802677154,926.0,0.0
420,55.0,0.0518488176167011,44.0,0.0
421,12.0,0.1173415184020996,319.0,0.0
422,19.0,0.1394456177949905,405.0,0.0
423,23.0,0.5277450680732727,940.0,0.0
424,23.0,0.1089081317186355,741.0,0.0
425,22.0,0.2935312986373901,671.0,0.0
426,7.0,0.1303968727588653,712.0,0.0
427,17.0,0.4163387417793274,434.0,0.0
428,17.0,0.2956007122993469,103.0,0.0
429,44.0,0.091039702296257,791.0,0.0
430,16.0,0.1847636401653289,727.0,0.0
431,15.0,0.1640307307243347,972.0,0.0
432,15.0,0.3836584389209747,617.0,0.0
433,17.0,0.5350640416145325,904.0,0.0
434,60.0,0.4818180203437805,319.0,0.0
435,108.0,0.233652263879776,497.0,0.0
436,27.0,0.3452017307281494,5.0,0.0
437,18.0,0.2124017030000686,727.0,0.0
438,13.0,0.157583937048912,416.0,0.0
439,13.0,0.3940685093402862,779.0,0.0
440,33.0,0.3599933385848999,576.0,0.0
441,52.0,0.1366370767354965,861.0,0.0
442,16.0,0.4082930386066437,561.0,0.0
443,21.0,0.1828358173370361,302.0,0.0
444,79.0,0.2499838173389434,757.0,0.0
445,11.0,0.5057370066642761,905.0,0.0
446,147.0,0.1988542973995208,716.0,0.0
447,8.0,0.510917067527771,502.0,0.0
448,18.0,0.0889335349202156,906.0,0.0
449,40.0,0.3271077871322632,921.0,0.0
450,17.0,0.1265385299921035,904.0,0.0
451,137.0,0.0844378545880317,476.0,0.0
452,117.0,0.2774304747581482,498.0,0.0
453,48.0,0.0859129205346107,583.0,0.0
454,163.0,0.3247999250888824,828.0,0.0
455,12.0,0.7344787120819092,98.0,0.0
456,26.0,0.5246526598930359,803.0,0.0
457,62.0,0.419681042432785,41.0,0.0
458,89.0,0.0791757702827453,936.0,0.0
459,39.0,0.3080383241176605,477.0,0.0
460,17.0,0.5100345611572266,345.0,0.0
461,6.0,0.0392158590257167,517.0,0.0
462,28.0,0.2352795451879501,929.0,0.0
463,22.0,0.4283900558948517,751.0,0.0
464,26.0,0.1391221433877945,653.0,0.0
465,4.0,0.106934942305088,905.0,0.0
466,23.0,0.347892552614212,647.0,0.0
467,25.0,0.482160210609436,562.0,0.0
468,20.0,0.2316953688859939,975.0,0.0
469,25.0,0.1183711886405944,38.0,0.0
470,10.0,0.0255025085061788,49.0,0.0
471,166.0,0.3560172319412231,654.0,0.0
472,24.0,0.4998898208141327,829.0,0.0
473,26.0,0.2398963421583175,83.0,0.0
474,19.0,0.5477677583694458,698.0,0.0
475,72.0,0.3855570554733276,975.0,0.0
476,52.0,0.4507933557033539,691.0,0.0
477,40.0,0.1259592622518539,597.0,0.0
478,23.0,0.1976477205753326,346.0,0.0
479,36.0,0.1408902406692505,659.0,0.0
480,18.0,0.1306029260158538,331.0,0.0
481,3.0,0.0925880447030067,807.0,0.0
482,32.0,0.4395799040794372,634.0,0.0
483,23.0,0.0819948315620422,991.0,0.0
484,53.0,0.0809194520115852,828.0,0.0
485,7.0,0.0427141971886158,712.0,0.0
486,59.0,0.1457773894071579,477.0,0.0
487,28.0,0.1575061082839965,781.0,0.0
488,18.0,0.4534743130207062,814.0,0.0
489,24.0,0.4534317851066589,319.0,0.0
490,76.0,0.5305168628692627,319.0,0.0
491,30.0,0.1286074668169021,921.0,0.0
492,11.0,0.3378002941608429,98.0,0.0
493,34.0,0.0811067447066307,314.0,0.0
494,35.0,0.4805713891983032,640.0,0.0
495,43.0,0.616814374923706,624.0,0.0
496,23.0,0.2420313507318496,668.0,0.0
497,14.0,0.2205524891614914,233.0,0.0
498,108.0,0.24162457883358,645.0,0.0
499,66.0,0.263145387172699,820.0,0.0
500,51.0,0.2938794195652008,546.0,0.0
501,5.0,0.1172407194972038,798.0,0.0
502,19.0,0.3644691705703735,889.0,0.0
503,16.0,0.0570290684700012,98.0,0.0
504,32.0,0.3136462569236755,233.0,0.0
505,85.0,0.2195511758327484,60.0,0.0
506,23.0,0.3505372107028961,975.0,0.0
507,12.0,0.2571628093719482,839.0,0.0
508,34.0,0.1851141303777694,768.0,0.0
509,269.0,0.1657409220933914,767.0,0.0
510,64.0,0.297878086566925,817.0,0.0
511,13.0,0.2287123501300811,877.0,0.0
512,48.0,0.1994554102420807,421.0,0.0
513,66.0,0.2800473868846893,705.0,0.0
514,21.0,0.3294042348861694,633.0,0.0
515,23.0,0.2526339888572693,357.0,0.0
516,19.0,0.1949335634708404,313.0,0.0
517,20.0,0.2667897641658783,675.0,0.0
518,5.0,0.1686940342187881,339.0,0.0
519,44.0,0.2927947342395782,706.0,0.0
520,39.0,0.6172860264778137,525.0,0.0
521,7.0,0.043933842331171,440.0,0.0
522,17.0,0.082190416753292,921.0,0.0
523,16.0,0.3284671604633331,332.0,0.0
524,33.0,0.5038977265357971,439.0,0.0
525,11.0,0.0957322567701339,921.0,0.0
526,42.0,0.4589757025241852,525.0,0.0
527,13.0,0.0683787167072296,36.0,0.0
528,8.0,0.1175669506192207,698.0,0.0
529,21.0,0.2003517746925354,978.0,0.0
530,21.0,0.2179130166769027,743.0,0.0
531,26.0,0.3079339861869812,397.0,0.0
532,53.0,0.2206481397151947,923.0,0.0
533,44.0,0.3343363404273987,642.0,0.0
534,27.0,0.1945716887712478,562.0,0.0
535,9.0,0.4287161827087402,387.0,0.0
536,32.0,0.5220564603805542,732.0,0.0
537,31.0,0.2967790365219116,446.0,0.0
538,35.0,0.1408800184726715,339.0,0.0
539,43.0,0.1858906596899032,970.0,0.0
540,44.0,0.0564571544528007,24.0,0.0
541,7.0,0.1113278418779373,904.0,0.0
542,9.0,0.254083514213562,510.0,0.0
543,6.0,0.807126522064209,503.0,0.0
544,61.0,0.0808682888746261,972.0,0.0
545,12.0,0.2932350635528564,302.0,0.0
546,9.0,0.3331785202026367,904.0,0.0
547,22.0,0.1077781617641449,302.0,0.0
548,24.0,0.3914685845375061,751.0,0.0
549,49.0,0.2113498598337173,674.0,0.0
550,26.0,0.2024894207715988,805.0,0.0
551,50.0,0.2383350729942321,891.0,0.0
552,55.0,0.3929479420185089,553.0,0.0
553,107.0,0.4565119445323944,751.0,0.0
554,12.0,0.3213279545307159,904.0,0.0
555,32.0,0.573056697845459,663.0,0.0
556,47.0,0.2558682560920715,817.0,0.0
557,117.0,0.3643685579299927,170.0,0.0
558,21.0,0.4754747450351715,803.0,0.0
559,40.0,0.5486359596252441,319.0,0.0
560,15.0,0.5291830897331238,417.0,0.0
561,33.0,0.3773179650306701,407.0,0.0
562,30.0,0.665536105632782,904.0,0.0
563,16.0,0.1374672204256057,405.0,0.0
564,15.0,0.5628613233566284,525.0,0.0
565,24.0,0.37867471575737,802.0,0.0
566,16.0,0.1951766610145568,465.0,0.0
567,10.0,0.0747845619916915,831.0,0.0
568,3.0,0.0988527238368988,585.0,0.0
569,14.0,0.4336244463920593,977.0,0.0
570,27.0,0.519052267074585,525.0,0.0
571,18.0,0.2188535183668136,318.0,0.0
572,31.0,0.1143682599067688,861.0,0.0
573,31.0,0.2036362290382385,418.0,0.0
574,21.0,0.26786008477211,718.0,0.0
575,157.0,0.1982535868883133,762.0,0.0
576,21.0,0.1862441748380661,481.0,0.0
577,15.0,0.3321017324924469,586.0,0.0
578,38.0,0.2312228083610534,981.0,0.0
579,20.0,0.1888215839862823,517.0,0.0
580,93.0,0.4707097113132477,142.0,0.0
581,15.0,0.1739231646060943,708.0,0.0
582,54.0,0.4117909669876098,918.0,0.0
583,10.0,0.380106508731842,974.0,0.0
584,47.0,0.4087925851345062,674.0,0.0
585,120.0,0.3032602071762085,705.0,0.0
586,105.0,0.5254130959510803,840.0,0.0
587,49.0,0.2918131649494171,450.0,0.0
588,10.0,0.1985022276639938,904.0,0.0
589,6.0,0.0493791550397872,904.0,0.0
590,16.0,0.148319736123085,955.0,0.0
591,34.0,0.2939071953296661,669.0,0.0
592,45.0,0.2082214653491974,835.0,0.0
593,14.0,0.2444794774055481,556.0,0.0
594,35.0,0.4335275590419769,890.0,0.0
595,20.0,0.4251204133033752,627.0,0.0
596,20.0,0.1052767038345336,921.0,0.0
597,6.0,0.1287432461977005,111.0,0.0
598,109.0,0.1936102360486984,941.0,0.0
599,5.0,0.3226739764213562,900.0,0.0
600,74.0,0.2604381740093231,984.0,0.0
601,144.0,0.3642296195030212,611.0,0.0
602,48.0,0.2773997485637665,436.0,0.0
603,8.0,0.27728471159935,860.0,0.0
604,26.0,0.203640878200531,525.0,0.0
605,15.0,0.1842379122972488,465.0,0.0
606,42.0,0.1507694870233535,328.0,0.0
607,21.0,0.4262872338294983,975.0,0.0
608,48.0,0.4162990748882293,547.0,0.0
609,58.0,0.4680129587650299,663.0,0.0
610,13.0,0.165935605764389,987.0,0.0
611,24.0,0.2205704152584076,318.0,0.0
612,20.0,0.0551153235137462,467.0,0.0
613,46.0,0.0839308574795723,741.0,0.0
614,11.0,0.1197405308485031,158.0,0.0
615,23.0,0.21687051653862,555.0,0.0
616,59.0,0.1418559551239013,857.0,0.0
617,4.0,0.3797976970672607,556.0,0.0
618,31.0,0.4213119745254516,671.0,0.0
619,15.0,0.2194774746894836,904.0,0.0
620,24.0,0.1227264180779457,395.0,0.0
621,25.0,0.3666666448116302,319.0,0.0
622,12.0,0.15606218576431274,803.0,0.0
623,87.0,0.45416051149368286,863.0,0.0
624,10.0,0.04536652937531471,842.0,0.0
625,40.0,0.28497716784477234,411.0,0.0
626,10.0,0.0712437555193901,633.0,0.0
627,23.0,0.298828661441803,829.0,0.0
628,17.0,0.07106323540210724,189.0,0.0
629,11.0,0.033273857086896896,465.0,0.0
630,17.0,0.15192849934101105,556.0,0.0
631,56.0,0.08123205602169037,8.0,0.0
632,29.0,0.10467458516359329,78.0,0.0
633,28.0,0.26765456795692444,980.0,0.0
634,19.0,0.41500577330589294,912.0,0.0
635,60.0,0.06280474364757538,491.0,0.0
636,13.0,0.21096418797969818,80.0,0.0
637,33.0,0.14539669454097748,798.0,0.0
638,3.0,0.29187509417533875,499.0,0.0
639,18.0,0.12727485597133636,98.0,0.0
640,5.0,0.06439585238695145,753.0,0.0
641,51.0,0.13047225773334503,889.0,0.0
642,3.0,0.16917818784713745,708.0,0.0
643,27.0,0.252330482006073,921.0,0.0
644,37.0,0.2569524347782135,331.0,0.0
645,31.0,0.08562585711479187,975.0,0.0
646,57.0,0.3125269412994385,571.0,0.0
647,7.0,0.14581109583377838,631.0,0.0
648,79.0,0.4857928156852722,46.0,0.0
649,14.0,0.29075777530670166,21.0,0.0
650,18.0,0.43453463912010193,319.0,0.0
651,14.0,0.03630239889025688,382.0,0.0
652,19.0,0.37082618474960327,320.0,0.0
653,8.0,0.13781479001045227,712.0,0.0
654,12.0,0.4160004258155823,318.0,0.0
655,9.0,0.15602931380271912,905.0,0.0
656,130.0,0.34618455171585083,341.0,0.0
657,18.0,0.3589220643043518,856.0,0.0
658,10.0,0.09768658131361008,751.0,0.0
659,23.0,0.22601301968097687,609.0,0.0
660,5.0,0.15393634140491486,272.0,0.0
661,248.0,0.10323943197727203,580.0,0.0
662,29.0,0.10173948854207993,500.0,0.0
663,167.0,0.42223799228668213,730.0,0.0
664,19.0,0.5215665102005005,233.0,0.0
665,99.0,0.47845903038978577,705.0,0.0
666,17.0,0.24609699845314026,884.0,0.0
667,11.0,0.03567463532090187,602.0,0.0
668,25.0,0.1231759712100029,912.0,0.0
669,66.0,0.4090794324874878,656.0,0.0
670,14.0,0.029079023748636246,904.0,0.0
671,9.0,0.19804038107395172,904.0,0.0
672,193.0,0.21238847076892853,839.0,0.0
673,17.0,0.5425631403923035,627.0,0.0
674,24.0,0.514137864112854,675.0,0.0
675,37.0,0.4532424807548523,661.0,0.0
676,161.0,0.3746474087238312,981.0,0.0
677,14.0,0.13442698121070862,335.0,0.0
678,31.0,0.2379406988620758,908.0,0.0
679,15.0,0.1289265751838684,312.0,0.0
680,93.0,0.16951033473014832,829.0,0.0
681,22.0,0.2609022557735443,525.0,0.0
682,11.0,0.09090134501457214,392.0,0.0
683,5.0,0.22690831124782562,604.0,0.0
684,8.0,0.026763271540403366,80.0,0.0
685,10.0,0.3423925042152405,604.0,0.0
686,19.0,0.2064296454191208,854.0,0.0
687,146.0,0.4197564125061035,562.0,0.0
688,39.0,0.15978020429611206,698.0,0.0
689,14.0,0.08162987232208252,656.0,0.0
690,18.0,0.2579732835292816,479.0,0.0
691,43.0,0.15235887467861176,972.0,0.0
692,74.0,0.28809109330177307,446.0,0.0
693,89.0,0.4920175075531006,500.0,0.0
694,50.0,0.1617232859134674,676.0,0.0
695,31.0,0.09237517416477203,660.0,0.0
696,9.0,0.1068977415561676,749.0,0.0
697,12.0,0.1826048642396927,602.0,0.0
698,48.0,0.30632805824279785,304.0,0.0
699,33.0,0.08190448582172394,272.0,0.0
700,136.0,0.27663454413414,795.0,0.0
701,32.0,0.353497713804245,975.0,0.0
702,11.0,0.09997084736824036,727.0,0.0
703,206.0,0.13870812952518463,792.0,0.0
704,16.0,0.28566890954971313,912.0,0.0
705,12.0,0.1438370943069458,556.0,0.0
706,9.0,0.2396581619977951,755.0,0.0
707,43.0,0.6767876148223877,586.0,0.0
708,36.0,0.4700902998447418,925.0,0.0
709,51.0,0.2590711712837219,824.0,0.0
710,154.0,0.31148335337638855,427.0,0.0
711,46.0,0.2404262125492096,615.0,0.0
712,14.0,0.3358253538608551,663.0,0.0
713,18.0,0.21019920706748962,486.0,0.0
714,32.0,0.359438955783844,337.0,0.0
715,30.0,0.14403356611728668,820.0,0.0
716,23.0,0.4920167922973633,904.0,0.0
717,22.0,0.3610723316669464,444.0,0.0
718,17.0,0.3005133271217346,588.0,0.0
719,32.0,0.2504297196865082,921.0,0.0
720,30.0,0.30945831537246704,19.0,0.0
721,7.0,0.08635637164115906,556.0,0.0
722,15.0,0.12250704318284988,904.0,0.0
723,49.0,0.3617766201496124,852.0,0.0
724,37.0,0.15357640385627747,848.0,0.0
725,42.0,0.19403409957885742,800.0,0.0
726,91.0,0.12355118989944458,860.0,0.0
727,24.0,0.3897864818572998,33.0,0.0
728,11.0,0.3242530822753906,80.0,0.0
729,20.0,0.14495794475078583,492.0,0.0
730,12.0,0.5920530557632446,111.0,0.0
731,13.0,0.08316808938980103,904.0,0.0
732,12.0,0.2867170572280884,904.0,0.0
733,14.0,0.2232963591814041,495.0,0.0
734,83.0,0.39734479784965515,975.0,0.0
735,50.0,0.33339038491249084,310.0,0.0
736,14.0,0.13466216623783112,405.0,0.0
737,9.0,0.4362500309944153,904.0,0.0
738,8.0,0.21009160578250885,525.0,0.0
739,5.0,0.24449825286865234,392.0,0.0
740,17.0,0.39474397897720337,519.0,0.0
741,7.0,0.08351576328277588,912.0,0.0
742,10.0,0.5808178186416626,73.0,0.0
743,60.0,0.44562456011772156,134.0,0.0
744,16.0,0.3897329866886139,272.0,0.0
745,23.0,0.44601860642433167,886.0,0.0
746,21.0,0.2920488119125366,904.0,0.0
747,109.0,0.263587087392807,701.0,0.0
748,33.0,0.12044363468885422,434.0,0.0
749,5.0,0.4577604830265045,753.0,0.0
750,70.0,0.30584996938705444,130.0,0.0
751,37.0,0.31524914503097534,923.0,0.0
752,81.0,0.19112160801887512,497.0,0.0
753,18.0,0.2127429097890854,525.0,0.0
754,26.0,0.22553618252277374,132.0,0.0
755,8.0,0.2817898392677307,904.0,0.0
756,30.0,0.223557710647583,852.0,0.0
757,55.0,0.24052694439888,973.0,0.0
758,10.0,0.19843868911266327,615.0,0.0
759,24.0,0.2691618502140045,415.0,0.0
760,43.0,0.04441149905323982,274.0,0.0
761,22.0,0.4248969852924347,656.0,0.0
762,21.0,0.2264895886182785,442.0,0.0
763,98.0,0.23445364832878113,884.0,0.0
764,34.0,0.09898269921541214,921.0,0.0
765,18.0,0.06953994184732437,370.0,0.0
766,23.0,0.5016185641288757,398.0,0.0
767,17.0,0.17768234014511108,803.0,0.0
768,17.0,0.26976677775382996,117.0,0.0
769,27.0,0.40008583664894104,675.0,0.0
770,19.0,0.11324859410524368,743.0,0.0
771,23.0,0.3429717719554901,862.0,0.0
772,10.0,0.09195234626531601,405.0,0.0
773,16.0,0.31664296984672546,660.0,0.0
774,9.0,0.26096710562705994,743.0,0.0
775,42.0,0.18750008940696716,923.0,0.0
776,12.0,0.26727622747421265,912.0,0.0
777,13.0,0.06359805911779404,503.0,0.0
778,116.0,0.3060331642627716,412.0,0.0
779,16.0,0.47644495964050293,727.0,0.0
780,40.0,0.20636332035064697,99.0,0.0
781,36.0,0.2324780374765396,832.0,0.0
782,30.0,0.16543219983577728,824.0,0.0
783,11.0,0.07847634702920914,847.0,0.0
784,22.0,0.20029781758785248,80.0,0.0
785,50.0,0.06739579886198044,722.0,0.0
786,63.0,0.12451981753110886,681.0,0.0
787,8.0,0.14343135058879852,591.0,0.0
788,42.0,0.4279029071331024,761.0,0.0
789,49.0,0.24967236816883087,743.0,0.0
790,11.0,0.3087025284767151,781.0,0.0
791,21.0,0.17269594967365265,126.0,0.0
792,14.0,0.5724337100982666,846.0,0.0
793,34.0,0.5152132511138916,416.0,0.0
794,6.0,0.14125603437423706,862.0,0.0
795,23.0,0.12351914495229721,408.0,0.0
796,6.0,0.11610306054353714,727.0,0.0
797,15.0,0.10916240513324738,890.0,0.0
798,90.0,0.3796672224998474,981.0,0.0
799,23.0,0.17092792689800262,977.0,0.0
800,43.0,0.17039969563484192,764.0,0.0
801,16.0,0.14415772259235382,807.0,0.0
802,15.0,0.15779736638069153,540.0,0.0
803,32.0,0.09338908642530441,554.0,0.0
804,61.0,0.05977640300989151,956.0,0.0
805,16.0,0.21835798025131226,814.0,0.0
806,22.0,0.4445986747741699,438.0,0.0
807,77.0,0.12545786798000336,609.0,0.0
808,13.0,0.17904828488826752,312.0,0.0
809,24.0,0.33803364634513855,300.0,0.0
810,13.0,0.23091642558574677,912.0,0.0
811,14.0,0.2442224621772766,831.0,0.0
812,4.0,0.4522588849067688,556.0,0.0
813,20.0,0.2176511585712433,562.0,0.0
814,41.0,0.40658652782440186,690.0,0.0
815,20.0,0.0408681184053421,327.0,0.0
816,28.0,0.5120684504508972,904.0,0.0
817,19.0,0.5353092551231384,436.0,0.0
818,35.0,0.3054455816745758,898.0,0.0
819,11.0,0.42026975750923157,69.0,0.0
820,13.0,0.3017350435256958,611.0,0.0
821,66.0,0.0689861997961998,748.0,0.0
822,17.0,0.15744024515151978,981.0,0.0
823,24.0,0.184231698513031,354.0,0.0
824,11.0,0.3290508985519409,98.0,0.0
825,17.0,0.3276441693305969,663.0,0.0
826,66.0,0.3735654652118683,990.0,0.0
827,14.0,0.2597063183784485,726.0,0.0
828,71.0,0.22775432467460632,391.0,0.0
829,34.0,0.34316107630729675,727.0,0.0
830,5.0,0.10188303142786026,813.0,0.0
831,30.0,0.36583253741264343,867.0,0.0
832,10.0,0.06470964103937149,287.0,0.0
833,9.0,0.59242844581604,675.0,0.0
834,27.0,0.35176536440849304,801.0,0.0
835,14.0,0.13195356726646423,654.0,0.0
836,36.0,0.33748120069503784,663.0,0.0
837,12.0,0.08784821629524231,803.0,0.0
838,12.0,0.12084971368312836,919.0,0.0
839,10.0,0.26405948400497437,438.0,0.0
840,20.0,0.17814314365386963,867.0,0.0
841,34.0,0.3223387598991394,436.0,0.0
842,13.0,0.1711328774690628,904.0,0.0
843,11.0,0.5915616750717163,751.0,0.0
844,12.0,0.10890977084636688,228.0,0.0
845,32.0,0.3515816628932953,573.0,0.0
846,57.0,0.1610109806060791,58.0,0.0
847,32.0,0.46677324175834656,330.0,0.0
848,11.0,0.27410340309143066,556.0,0.0
849,65.0,0.39150911569595337,498.0,0.0
850,33.0,0.5190064907073975,528.0,0.0
851,15.0,0.09953362494707108,396.0,0.0
852,5.0,0.13763456046581268,591.0,0.0
853,39.0,0.5063804388046265,981.0,0.0
854,15.0,0.14939342439174652,904.0,0.0
855,8.0,0.7059123516082764,904.0,0.0
856,40.0,0.47733479738235474,776.0,0.0
857,43.0,0.176099956035614,611.0,0.0
858,26.0,0.23860830068588257,592.0,0.0
859,27.0,0.26021191477775574,741.0,0.0
860,8.0,0.2964616119861603,976.0,0.0
861,15.0,0.0956747904419899,556.0,0.0
862,16.0,0.10124870389699936,540.0,0.0
863,12.0,0.27418556809425354,746.0,0.0
864,29.0,0.4366764426231384,829.0,0.0
865,50.0,0.4467054307460785,309.0,0.0
866,40.0,0.21709302067756653,450.0,0.0
867,16.0,0.1266065388917923,437.0,0.0
868,36.0,0.08835074305534363,865.0,0.0
869,20.0,0.14765913784503937,904.0,0.0
870,29.0,0.29157277941703796,116.0,0.0
871,14.0,0.4008074104785919,837.0,0.0
872,71.0,0.3361719250679016,709.0,0.0
873,65.0,0.2825009524822235,439.0,0.0
874,34.0,0.0799485594034195,562.0,0.0
875,47.0,0.06460867822170258,708.0,0.0
876,33.0,0.28499287366867065,73.0,0.0
877,91.0,0.4902757406234741,974.0,0.0
878,75.0,0.1490764170885086,736.0,0.0
879,15.0,0.26420897245407104,975.0,0.0
880,12.0,0.24854867160320282,132.0,0.0
881,90.0,0.22912004590034485,975.0,0.0
882,41.0,0.2415834665298462,904.0,0.0
883,96.0,0.15827879309654236,847.0,0.0
884,106.0,0.3483017683029175,421.0,0.0
885,7.0,0.3214532434940338,871.0,0.0
886,24.0,0.6866400241851807,630.0,0.0
887,9.0,0.3376280963420868,819.0,0.0
888,13.0,0.047320086508989334,904.0,0.0
889,50.0,0.312287300825119,545.0,0.0
890,198.0,0.2580549716949463,498.0,0.0
891,29.0,0.4884670078754425,95.0,0.0
892,16.0,0.3414866626262665,751.0,0.0
893,11.0,0.05844045802950859,975.0,0.0
894,9.0,0.06902869790792465,65.0,0.0
895,18.0,0.5715463161468506,188.0,0.0
896,21.0,0.4054737389087677,398.0,0.0
897,6.0,0.15327855944633484,439.0,0.0
898,22.0,0.1441899836063385,233.0,0.0
899,27.0,0.28075090050697327,904.0,0.0
900,34.0,0.38906329870224,833.0,0.0
901,28.0,0.19365167617797852,904.0,0.0
902,116.0,0.37894949316978455,840.0,0.0
903,11.0,0.32478174567222595,372.0,0.0
904,3.0,0.23201137781143188,708.0,0.0
905,101.0,0.4073133170604706,119.0,0.0
906,33.0,0.6025868654251099,792.0,0.0
907,8.0,0.2334093600511551,751.0,0.0
908,14.0,0.14445538818836212,519.0,0.0
909,32.0,0.0734512060880661,904.0,0.0
910,23.0,0.48062077164649963,741.0,0.0
911,8.0,0.33690503239631653,320.0,0.0
912,42.0,0.23553428053855896,624.0,0.0
913,15.0,0.3797321319580078,958.0,0.0
914,8.0,0.08229360729455948,874.0,0.0
915,40.0,0.3686050772666931,668.0,0.0
916,38.0,0.27636513113975525,47.0,0.0
917,4.0,0.1026960164308548,772.0,0.0
918,29.0,0.30093416571617126,798.0,0.0
919,8.0,0.14943456649780273,744.0,0.0
920,36.0,0.671926736831665,47.0,0.0
921,212.0,0.22996409237384796,883.0,0.0
922,56.0,0.30792054533958435,926.0,0.0
923,80.0,0.27049127221107483,974.0,0.0
924,11.0,0.07791771739721298,556.0,0.0
925,30.0,0.45142242312431335,978.0,0.0
926,14.0,0.23383280634880066,975.0,0.0
927,47.0,0.5965493321418762,988.0,0.0
928,29.0,0.2682523727416992,525.0,0.0
929,10.0,0.29654088616371155,188.0,0.0
930,12.0,0.28778591752052307,867.0,0.0
931,60.0,0.2542201578617096,751.0,0.0
932,207.0,0.17719729244709015,317.0,0.0
933,9.0,0.13579660654067993,422.0,0.0
934,24.0,0.13631857931613922,975.0,0.0
935,60.0,0.07953892648220062,839.0,0.0
936,12.0,0.6336856484413147,665.0,0.0
937,14.0,0.09596200287342072,0.0,0.0
938,7.0,0.2989017069339752,904.0,0.0
939,16.0,0.19854633510112762,877.0,0.0
940,24.0,0.1282808482646942,978.0,0.0
941,50.0,0.4264029264450073,73.0,0.0
942,15.0,0.2689794600009918,974.0,0.0
943,31.0,0.2826952636241913,802.0,0.0
944,49.0,0.5094339847564697,904.0,0.0
945,17.0,0.46137186884880066,431.0,0.0
946,82.0,0.19378888607025146,818.0,0.0
947,6.0,0.14044341444969177,405.0,0.0
948,15.0,0.14461186528205872,668.0,0.0
949,32.0,0.06372522562742233,912.0,0.0
950,45.0,0.11777234077453613,546.0,0.0
951,49.0,0.43820351362228394,768.0,0.0
952,13.0,0.29067906737327576,977.0,0.0
953,6.0,0.20676399767398834,591.0,0.0
954,6.0,0.3176587224006653,503.0,0.0
955,24.0,0.15211381018161774,787.0,0.0
956,16.0,0.40876519680023193,904.0,0.0
957,32.0,0.11681424826383591,47.0,0.0
958,0.0,0.0,0.0,0.0
959,48.0,0.1578093320131302,358.0,0.0
960,42.0,0.11018725484609604,718.0,0.0
961,8.0,0.3631305992603302,883.0,0.0
962,13.0,0.3856523931026459,36.0,0.0
963,163.0,0.3492409288883209,884.0,0.0
964,30.0,0.5033524632453918,698.0,0.0
965,30.0,0.15534228086471558,54.0,0.0
966,27.0,0.3053554594516754,904.0,0.0
967,11.0,0.8065626621246338,904.0,0.0
968,123.0,0.45867058634757996,703.0,0.0
969,27.0,0.27199122309684753,751.0,0.0
970,35.0,0.5956677794456482,647.0,0.0
971,26.0,0.32921865582466125,698.0,0.0
972,8.0,0.20396427810192108,657.0,0.0
973,20.0,0.5054634809494019,705.0,0.0
974,73.0,0.26659703254699707,483.0,0.0
975,24.0,0.5165707468986511,599.0,0.0
976,7.0,0.4748944044113159,530.0,0.0
977,49.0,0.03611139580607414,255.0,0.0
978,24.0,0.3916653096675873,817.0,0.0
979,62.0,0.10611151158809662,625.0,0.0
980,22.0,0.2540475130081177,615.0,0.0
981,7.0,0.447117418050766,904.0,0.0
982,5.0,0.20495149493217468,729.0,0.0
983,62.0,0.12916626036167145,879.0,0.0
984,16.0,0.4555931091308594,975.0,0.0
985,56.0,0.37366926670074463,580.0,0.0
986,31.0,0.3538751006126404,904.0,0.0
987,12.0,0.09070055186748505,975.0,0.0
988,36.0,0.3097386658191681,941.0,0.0
989,25.0,0.3432438373565674,444.0,0.0
990,7.0,0.20470939576625824,975.0,0.0
991,95.0,0.15288156270980835,884.0,0.0
992,16.0,0.2806456685066223,912.0,0.0
993,15.0,0.33528417348861694,95.0,0.0
994,8.0,0.1157541424036026,98.0,0.0
995,29.0,0.21762406826019287,860.0,0.0
996,36.0,0.295418381690979,843.0,0.0
997,89.0,0.3219011723995209,751.0,0.0
998,11.0,0.23904594779014587,688.0,0.0
999,25.0,0.39590707421302795,860.0,0.0
1000,231.0,0.44636115431785583,305.0,1.0
1001,207.0,0.45602092146873474,883.0,1.0
1002,183.0,0.40339794754981995,243.0,1.0
1003,240.0,0.23631665110588074,559.0,1.0
1004,244.0,0.23438963294029236,438.0,1.0
1005,247.0,0.31209683418273926,990.0,1.0
1006,185.0,0.40794837474823,949.0,1.0
1007,255.0,0.48107197880744934,853.0,1.0
1008,235.0,0.38473454117774963,609.0,1.0
1009,216.0,0.21231615543365479,609.0,1.0
1010,195.0,0.20096975564956665,582.0,1.0
1011,285.0,0.4418559670448303,915.0,1.0
1012,59.0,0.5583201050758362,455.0,1.0
1013,108.0,0.32889869809150696,769.0,1.0
1014,141.0,0.26412639021873474,961.0,1.0
1015,206.0,0.09518012404441833,541.0,1.0
1016,175.0,0.35680413246154785,630.0,1.0
1017,176.0,0.28890612721443176,741.0,1.0
1018,145.0,0.4957503080368042,422.0,1.0
1019,296.0,0.14566276967525482,455.0,1.0
1020,185.0,0.4225829839706421,707.0,1.0
1021,236.0,0.3377222716808319,854.0,1.0
1022,249.0,0.41044580936431885,922.0,1.0
1023,106.0,0.25465741753578186,471.0,1.0
1024,253.0,0.12458007037639618,129.0,1.0
1025,212.0,0.35662105679512024,537.0,1.0
1026,218.0,0.06436920166015625,672.0,1.0
1027,232.0,0.19441279768943787,476.0,1.0
1028,156.0,0.45155346393585205,299.0,1.0
1029,279.0,0.11326450854539871,99.0,1.0
1030,241.0,0.2877368927001953,476.0,1.0
1031,176.0,0.35137471556663513,251.0,1.0
1032,100.0,0.3089371621608734,520.0,1.0
1033,246.0,0.38956886529922485,923.0,1.0
1034,245.0,0.3300829529762268,22.0,1.0
1035,213.0,0.41173744201660156,663.0,1.0
1036,194.0,0.30060070753097534,760.0,1.0
1037,227.0,0.17189835011959076,582.0,1.0
1038,185.0,0.2541179955005646,672.0,1.0
1039,243.0,0.3439849317073822,692.0,1.0
1040,211.0,0.443502813577652,525.0,1.0
1041,231.0,0.3219988942146301,931.0,1.0
1042,159.0,0.39687424898147583,317.0,1.0
1043,230.0,0.17164912819862366,464.0,1.0
1044,178.0,0.10985147953033447,478.0,1.0
1045,178.0,0.4937278628349304,667.0,1.0
1046,190.0,0.38949650526046753,961.0,1.0
1047,212.0,0.2995975613594055,865.0,1.0
1048,215.0,0.4674796462059021,805.0,1.0
1049,114.0,0.287390798330307,324.0,1.0
1050,211.0,0.43966662883758545,33.0,1.0
1051,235.0,0.42623311281204224,922.0,1.0
1052,174.0,0.4807894229888916,142.0,1.0
1053,216.0,0.46682313084602356,312.0,1.0
1054,182.0,0.45384418964385986,302.0,1.0
1055,234.0,0.35163867473602295,582.0,1.0
1056,225.0,0.43612155318260193,948.0,1.0
1057,206.0,0.4556187391281128,360.0,1.0
1058,243.0,0.2738327085971832,789.0,1.0
1059,242.0,0.4397774934768677,440.0,1.0
1060,150.0,0.3364344537258148,746.0,1.0
1061,238.0,0.418127179145813,764.0,1.0
1062,282.0,0.30251774191856384,949.0,1.0
1063,235.0,0.1639576256275177,480.0,1.0
1064,223.0,0.13336805999279022,133.0,1.0
1065,193.0,0.4468365013599396,792.0,1.0
1066,297.0,0.3730664849281311,900.0,1.0
1067,179.0,0.18064558506011963,733.0,1.0
1068,274.0,0.3993473947048187,327.0,1.0
1069,176.0,0.15314550697803497,467.0,1.0
1070,160.0,0.36755552887916565,441.0,1.0
1071,141.0,0.22534504532814026,882.0,1.0
1072,167.0,0.30257415771484375,920.0,1.0
1073,183.0,0.3310227394104004,839.0,1.0
1074,235.0,0.4552755057811737,955.0,1.0
1075,276.0,0.47311899065971375,555.0,1.0
1076,218.0,0.38710328936576843,519.0,1.0
1077,273.0,0.43199488520622253,510.0,1.0
1078,258.0,0.3930693566799164,888.0,1.0
1079,259.0,0.4963088929653168,990.0,1.0
1080,287.0,0.27790066599845886,430.0,1.0
1081,263.0,0.4095918536186218,430.0,1.0
1082,258.0,0.2866045832633972,115.0,1.0
1083,262.0,0.4427054524421692,97.0,1.0
1084,247.0,0.46622395515441895,644.0,1.0
1085,124.0,0.23608411848545074,78.0,1.0
1086,213.0,0.4105963706970215,140.0,1.0
1087,174.0,0.32014667987823486,362.0,1.0
1088,247.0,0.4275267422199249,705.0,1.0
1089,248.0,0.2997903525829315,659.0,1.0
1090,63.0,0.24387933313846588,918.0,1.0
1091,150.0,0.3790254592895508,967.0,1.0
1092,267.0,0.47292619943618774,489.0,1.0
1093,235.0,0.27205169200897217,937.0,1.0
1094,217.0,0.2803193926811218,991.0,1.0
1095,235.0,0.4103931784629822,887.0,1.0
1096,212.0,0.393248587846756,603.0,1.0
1097,199.0,0.4818322956562042,467.0,1.0
1098,163.0,0.32883012294769287,498.0,1.0
1099,290.0,0.32125553488731384,879.0,1.0
1100,244.0,0.30346429347991943,807.0,1.0
1101,169.0,0.03347678482532501,708.0,1.0
1102,266.0,0.47107553482055664,967.0,1.0
1103,249.0,0.43463802337646484,472.0,1.0
1104,127.0,0.23380063474178314,287.0,1.0
1105,162.0,0.19503161311149597,853.0,1.0
1106,233.0,0.2755187749862671,971.0,1.0
1107,176.0,0.4409518539905548,805.0,1.0
1108,163.0,0.46868225932121277,719.0,1.0
1109,259.0,0.4931112825870514,854.0,1.0
1110,72.0,0.08305390179157257,753.0,1.0
1111,219.0,0.13762769103050232,471.0,1.0
1112,174.0,0.096907839179039,946.0,1.0
1113,225.0,0.48364970088005066,890.0,1.0
1114,252.0,0.3409271538257599,572.0,1.0
1115,207.0,0.4468962550163269,883.0,1.0
1116,212.0,0.39376625418663025,476.0,1.0
1117,257.0,0.08166492730379105,581.0,1.0
1118,202.0,0.32515352964401245,603.0,1.0
1119,257.0,0.1706213504076004,23.0,1.0
1120,118.0,0.3980464041233063,967.0,1.0
1121,217.0,0.4074293375015259,311.0,1.0
1122,137.0,0.3920193612575531,873.0,1.0
1123,208.0,0.28260836005210876,582.0,1.0
1124,215.0,0.29015955328941345,16.0,1.0
1125,259.0,0.4971877336502075,672.0,1.0
1126,265.0,0.46995097398757935,780.0,1.0
1127,162.0,0.5207209587097168,489.0,1.0
1128,141.0,0.316824734210968,685.0,1.0
1129,230.0,0.45686769485473633,366.0,1.0
1130,50.0,0.3359036445617676,761.0,1.0
1131,266.0,0.37300053238868713,746.0,1.0
1132,1.0,0.13294190168380737,904.0,1.0
1133,256.0,0.22721032798290253,649.0,1.0
1134,228.0,0.36004194617271423,950.0,1.0
1135,218.0,0.385915070772171,843.0,1.0
1136,216.0,0.4155188798904419,614.0,1.0
1137,258.0,0.3155316710472107,348.0,1.0
1138,204.0,0.08338624238967896,323.0,1.0
1139,213.0,0.4238639771938324,353.0,1.0
1140,175.0,0.42525288462638855,21.0,1.0
1141,297.0,0.0045080953277647495,84.0,1.0
1142,201.0,0.19739718735218048,437.0,1.0
1143,147.0,0.4635598659515381,946.0,1.0
1144,196.0,0.39998289942741394,746.0,1.0
1145,254.0,0.18723459541797638,646.0,1.0
1146,206.0,0.15885330736637115,544.0,1.0
1147,186.0,0.24237628281116486,469.0,1.0
1148,101.0,0.05333981662988663,891.0,1.0
1149,191.0,0.34681347012519836,81.0,1.0
1150,157.0,0.23171214759349823,734.0,1.0
1151,184.0,0.27709251642227173,719.0,1.0
1152,263.0,0.20852357149124146,51.0,1.0
1153,278.0,0.31885984539985657,293.0,1.0
1154,254.0,0.3116208016872406,897.0,1.0
1155,179.0,0.47678592801094055,416.0,1.0
1156,124.0,0.4212419092655182,544.0,1.0
1157,59.0,0.2778915464878082,415.0,1.0
1158,200.0,0.39467766880989075,814.0,1.0
1159,257.0,0.4008939564228058,295.0,1.0
1160,234.0,0.4221009910106659,829.0,1.0
1161,239.0,0.4241853356361389,759.0,1.0
1162,169.0,0.23564016819000244,971.0,1.0
1163,255.0,0.40359604358673096,306.0,1.0
1164,250.0,0.4709838032722473,637.0,1.0
1165,247.0,0.3236153721809387,471.0,1.0
1166,280.0,0.3594261407852173,94.0,1.0
1167,200.0,0.12910021841526031,17.0,1.0
1168,235.0,0.20064614713191986,984.0,1.0
1169,110.0,0.15051701664924622,708.0,1.0
1170,178.0,0.06590860337018967,61.0,1.0
1171,221.0,0.279049277305603,391.0,1.0
1172,246.0,0.43329909443855286,531.0,1.0
1173,208.0,0.21659570932388306,383.0,1.0
1174,126.0,0.36686182022094727,417.0,1.0
1175,223.0,0.32710081338882446,442.0,1.0
1176,195.0,0.3167182207107544,38.0,1.0
1177,227.0,0.32566720247268677,858.0,1.0
1178,214.0,0.38816383481025696,716.0,1.0
1179,237.0,0.3043125867843628,99.0,1.0
1180,231.0,0.43991535902023315,546.0,1.0
1181,221.0,0.364958792924881,137.0,1.0
1182,114.0,0.36852991580963135,980.0,1.0
1183,225.0,0.41709405183792114,517.0,1.0
1184,203.0,0.444699227809906,322.0,1.0
1185,236.0,0.3711804449558258,765.0,1.0
1186,206.0,0.3922629952430725,632.0,1.0
1187,175.0,0.2074330598115921,553.0,1.0
1188,134.0,0.2432832270860672,595.0,1.0
1189,243.0,0.17602039873600006,754.0,1.0
1190,154.0,0.40947234630584717,805.0,1.0
1191,272.0,0.4087322950363159,873.0,1.0
1192,248.0,0.20704177021980286,980.0,1.0
1193,237.0,0.3792068064212799,475.0,1.0
1194,144.0,0.3614386022090912,455.0,1.0
1195,251.0,0.3902796804904938,442.0,1.0
1196,165.0,0.4070580005645752,734.0,1.0
1197,149.0,0.0919400230050087,879.0,1.0
1198,79.0,0.3611120581626892,409.0,1.0
1199,59.0,0.5026373267173767,701.0,1.0
1200,232.0,0.13088594377040863,685.0,1.0
1201,295.0,0.3672707974910736,705.0,1.0
1202,189.0,0.3009013831615448,768.0,1.0
1203,261.0,0.3083759844303131,521.0,1.0
1204,263.0,0.45298439264297485,640.0,1.0
1205,277.0,0.4803425371646881,663.0,1.0
1206,236.0,0.2842588722705841,720.0,1.0
1207,193.0,0.11966947466135025,759.0,1.0
1208,272.0,0.459246963262558,535.0,1.0
1209,240.0,0.32649943232536316,582.0,1.0
1210,156.0,0.30489155650138855,607.0,1.0
1211,227.0,0.4652116596698761,859.0,1.0
1212,237.0,0.3818637430667877,532.0,1.0
1213,122.0,0.4768562912940979,113.0,1.0
1214,217.0,0.20830915868282318,695.0,1.0
1215,279.0,0.11126592755317688,565.0,1.0
1216,235.0,0.49351295828819275,554.0,1.0
1217,297.0,0.3742811977863312,351.0,1.0
1218,242.0,0.44961369037628174,311.0,1.0
1219,282.0,0.21091462671756744,8.0,1.0
1220,167.0,0.30016079545021057,385.0,1.0
1221,152.0,0.504159152507782,570.0,1.0
1222,139.0,0.4448738098144531,480.0,1.0
1223,229.0,0.19284039735794067,733.0,1.0
1224,244.0,0.13033613562583923,324.0,1.0
1225,192.0,0.40566909313201904,897.0,1.0
1226,178.0,0.18398842215538025,738.0,1.0
1227,212.0,0.39169707894325256,401.0,1.0
1228,130.0,0.28314921259880066,814.0,1.0
1229,246.0,0.20940163731575012,253.0,1.0
1230,265.0,0.41474097967147827,751.0,1.0
1231,199.0,0.4899531304836273,340.0,1.0
1232,87.0,0.4739425480365753,304.0,1.0
1233,282.0,0.3183850049972534,982.0,1.0
1234,216.0,0.3467007577419281,142.0,1.0
1235,121.0,0.4075368046760559,280.0,1.0
1236,232.0,0.44817519187927246,546.0,1.0
1237,292.0,0.2121879905462265,99.0,1.0
1238,206.0,0.17842310667037964,323.0,1.0
1239,164.0,0.4307004511356354,535.0,1.0
1240,246.0,0.22728954255580902,665.0,1.0
1241,217.0,0.4867287874221802,429.0,1.0
1242,298.0,0.12443574517965317,893.0,1.0
1243,158.0,0.3719192147254944,965.0,1.0
1244,210.0,0.4553426504135132,511.0,1.0
1245,207.0,0.46515634655952454,144.0,1.0
1246,179.0,0.34923818707466125,734.0,1.0
1247,185.0,0.29980722069740295,513.0,1.0
1248,256.0,0.3473505675792694,663.0,1.0
1249,289.0,0.27772268652915955,766.0,1.0
1250,266.0,0.37439072132110596,540.0,1.0
1251,231.0,0.22163090109825134,990.0,1.0
1252,184.0,0.49080154299736023,749.0,1.0
1253,179.0,0.449957937002182,718.0,1.0
1254,263.0,0.3886062800884247,841.0,1.0
1255,173.0,0.4594779908657074,858.0,1.0
1256,264.0,0.3716636002063751,471.0,1.0
1257,75.0,0.08988812565803528,868.0,1.0
1258,259.0,0.39847663044929504,879.0,1.0
1259,126.0,0.45817840099334717,301.0,1.0
1260,160.0,0.39679959416389465,425.0,1.0
1261,168.0,0.24331088364124298,787.0,1.0
1262,130.0,0.3264402151107788,933.0,1.0
1263,217.0,0.33817413449287415,912.0,1.0
1264,222.0,0.3985109329223633,624.0,1.0
1265,235.0,0.4131956100463867,311.0,1.0
1266,181.0,0.37476035952568054,325.0,1.0
1267,199.0,0.3671475350856781,989.0,1.0
1268,241.0,0.2967506945133209,708.0,1.0
1269,193.0,0.214985653758049,557.0,1.0
1270,290.0,0.299783319234848,989.0,1.0
1271,254.0,0.4223982095718384,717.0,1.0
1272,222.0,0.3417520821094513,389.0,1.0
1273,279.0,0.44570261240005493,847.0,1.0
1274,254.0,0.3274599611759186,560.0,1.0
1275,250.0,0.31469088792800903,900.0,1.0
1276,208.0,0.3746870756149292,322.0,1.0
1277,245.0,0.4086046516895294,317.0,1.0
1278,225.0,0.5029148459434509,546.0,1.0
1279,221.0,0.13245169818401337,858.0,1.0
1280,161.0,0.28600090742111206,853.0,1.0
1281,153.0,0.40405941009521484,303.0,1.0
1282,283.0,0.31313642859458923,433.0,1.0
1283,181.0,0.1264701932668686,667.0,1.0
1284,188.0,0.23809349536895752,763.0,1.0
1285,244.0,0.49727290868759155,679.0,1.0
1286,236.0,0.3983471691608429,847.0,1.0
1287,264.0,0.4563550353050232,57.0,1.0
1288,229.0,0.44062694907188416,144.0,1.0
1289,115.0,0.33270302414894104,590.0,1.0
1290,163.0,0.4223906397819519,565.0,1.0
1291,214.0,0.4419739842414856,963.0,1.0
1292,130.0,0.47823166847229004,326.0,1.0
1293,268.0,0.23030544817447662,830.0,1.0
1294,246.0,0.42321324348449707,475.0,1.0
1295,188.0,0.40758800506591797,322.0,1.0
1296,222.0,0.48053625226020813,320.0,1.0
1297,221.0,0.44213590025901794,629.0,1.0
1298,241.0,0.28356054425239563,973.0,1.0
1299,168.0,0.4058891236782074,323.0,1.0
1300,256.0,0.07913971692323685,617.0,1.0
1301,214.0,0.35917019844055176,829.0,1.0
1302,170.0,0.1558992713689804,471.0,1.0
1303,290.0,0.04600157216191292,417.0,1.0
1304,298.0,0.17327028512954712,498.0,1.0
1305,233.0,0.4436971843242645,454.0,1.0
1306,163.0,0.11033091694116592,885.0,1.0
1307,185.0,0.2035091072320938,346.0,1.0
1308,284.0,0.4020170271396637,887.0,1.0
1309,99.0,0.2133437991142273,775.0,1.0
1310,184.0,0.3558747172355652,304.0,1.0
1311,238.0,0.21117116510868073,695.0,1.0
1312,274.0,0.3432428240776062,959.0,1.0
1313,260.0,0.42377418279647827,705.0,1.0
1314,106.0,0.44695428013801575,32.0,1.0
1315,242.0,0.2522064447402954,768.0,1.0
1316,253.0,0.4308275878429413,472.0,1.0
1317,185.0,0.47990474104881287,628.0,1.0
1318,280.0,0.2949787974357605,921.0,1.0
1319,244.0,0.26426905393600464,253.0,1.0
1320,195.0,0.35019397735595703,687.0,1.0
1321,232.0,0.40514835715293884,734.0,1.0
1322,228.0,0.490031898021698,637.0,1.0
1323,199.0,0.3799010217189789,143.0,1.0
1324,195.0,0.4297947287559509,751.0,1.0
1325,151.0,0.4371444880962372,760.0,1.0
1326,271.0,0.38702553510665894,716.0,1.0
1327,121.0,0.4576343595981598,829.0,1.0
1328,244.0,0.27804720401763916,646.0,1.0
1329,124.0,0.1265086680650711,770.0,1.0
1330,288.0,0.49361756443977356,39.0,1.0
1331,288.0,0.2834828794002533,344.0,1.0
1332,246.0,0.4851462244987488,457.0,1.0
1333,249.0,0.2142438441514969,851.0,1.0
1334,157.0,0.46555668115615845,640.0,1.0
1335,175.0,0.2555800974369049,415.0,1.0
1336,158.0,0.06187308207154274,787.0,1.0
1337,173.0,0.11863631755113602,97.0,1.0
1338,265.0,0.25338634848594666,984.0,1.0
1339,216.0,0.17573361098766327,107.0,1.0
1340,196.0,0.2029491662979126,696.0,1.0
1341,289.0,0.246087908744812,468.0,1.0
1342,236.0,0.4656597077846527,385.0,1.0
1343,239.0,0.39238446950912476,789.0,1.0
1344,266.0,0.5005232691764832,892.0,1.0
1345,231.0,0.3485209345817566,146.0,1.0
1346,246.0,0.35562005639076233,628.0,1.0
1347,255.0,0.3897402882575989,888.0,1.0
1348,212.0,0.45729324221611023,346.0,1.0
1349,197.0,0.5058931112289429,400.0,1.0
1350,148.0,0.49182623624801636,79.0,1.0
1351,270.0,0.4237813651561737,94.0,1.0
1352,242.0,0.3983980417251587,439.0,1.0
1353,285.0,0.3397034704685211,717.0,1.0
1354,125.0,0.39641261100769043,741.0,1.0
1355,256.0,0.2248539924621582,557.0,1.0
1356,236.0,0.4104989171028137,239.0,1.0
1357,131.0,0.28026282787323,479.0,1.0
1358,110.0,0.44957518577575684,867.0,1.0
1359,224.0,0.38153475522994995,833.0,1.0
1360,223.0,0.4104423224925995,479.0,1.0
1361,193.0,0.2630559504032135,963.0,1.0
1362,235.0,0.4766934812068939,227.0,1.0
1363,115.0,0.4558011293411255,441.0,1.0
1364,87.0,0.33538195490837097,141.0,1.0
1365,109.0,0.4817085266113281,283.0,1.0
1366,265.0,0.24798466265201569,442.0,1.0
1367,281.0,0.19185470044612885,97.0,1.0
1368,210.0,0.18149809539318085,879.0,1.0
1369,154.0,0.056996364146471024,120.0,1.0
1370,209.0,0.12728193402290344,947.0,1.0
1371,188.0,0.406790167093277,107.0,1.0
1372,253.0,0.3078528940677643,743.0,1.0
1373,178.0,0.0707060694694519,634.0,1.0
1374,225.0,0.39920833706855774,817.0,1.0
1375,221.0,0.4667225182056427,580.0,1.0
1376,181.0,0.2829430103302002,640.0,1.0
1377,222.0,0.20060454308986664,399.0,1.0
1378,182.0,0.4896750748157501,652.0,1.0
1379,263.0,0.45945364236831665,160.0,1.0
1380,273.0,0.36770203709602356,517.0,1.0
1381,226.0,0.3840102255344391,884.0,1.0
1382,216.0,0.3599793612957001,959.0,1.0
1383,180.0,0.2712866961956024,557.0,1.0
1384,240.0,0.33023980259895325,949.0,1.0
1385,261.0,0.43801507353782654,917.0,1.0
1386,208.0,0.22706341743469238,933.0,1.0
1387,148.0,0.43787962198257446,780.0,1.0
1388,260.0,0.3409874141216278,3.0,1.0
1389,125.0,0.4608093798160553,830.0,1.0
1390,225.0,0.2917933464050293,865.0,1.0
1391,228.0,0.22182051837444305,533.0,1.0
1392,209.0,0.24819262325763702,931.0,1.0
1393,209.0,0.1311771422624588,579.0,1.0
1394,211.0,0.06639297306537628,877.0,1.0
1395,116.0,0.12480876594781876,326.0,1.0
1396,188.0,0.3244297504425049,489.0,1.0
1397,170.0,0.33047956228256226,310.0,1.0
1398,215.0,0.3187108337879181,536.0,1.0
1399,271.0,0.3832891881465912,304.0,1.0
1400,14.0,0.38999542593955994,786.0,1.0
1401,225.0,0.3692775070667267,654.0,1.0
1402,217.0,0.21438677608966827,107.0,1.0
1403,244.0,0.4939868450164795,701.0,1.0
1404,215.0,0.29002878069877625,814.0,1.0
1405,128.0,0.23522257804870605,430.0,1.0
1406,132.0,0.44835788011550903,486.0,1.0
1407,205.0,0.29127293825149536,865.0,1.0
1408,103.0,0.18978115916252136,335.0,1.0
1409,146.0,0.42943882942199707,776.0,1.0
1410,39.0,0.29080310463905334,886.0,1.0
1411,145.0,0.35646852850914,675.0,1.0
1412,263.0,0.47709712386131287,971.0,1.0
1413,269.0,0.36227622628211975,873.0,1.0
1414,267.0,0.3079395294189453,850.0,1.0
1415,256.0,0.1418289691209793,470.0,1.0
1416,229.0,0.46393051743507385,959.0,1.0
1417,201.0,0.29601815342903137,777.0,1.0
1418,212.0,0.47806698083877563,869.0,1.0
1419,224.0,0.3939485549926758,962.0,1.0
1420,223.0,0.17062462866306305,913.0,1.0
1421,123.0,0.09505040943622589,310.0,1.0
1422,217.0,0.411811888217926,628.0,1.0
1423,97.0,0.30923211574554443,959.0,1.0
1424,165.0,0.302043080329895,832.0,1.0
1425,270.0,0.20708714425563812,665.0,1.0
1426,290.0,0.1899651736021042,472.0,1.0
1427,279.0,0.4652346074581146,533.0,1.0
1428,250.0,0.44829484820365906,50.0,1.0
1429,144.0,0.11315622925758362,703.0,1.0
1430,209.0,0.38772672414779663,628.0,1.0
1431,206.0,0.423321396112442,976.0,1.0
1432,211.0,0.4600110948085785,411.0,1.0
1433,100.0,0.347499817609787,49.0,1.0
1434,238.0,0.47378009557724,320.0,1.0
1435,108.0,0.23364421725273132,497.0,1.0
1436,154.0,0.29665061831474304,33.0,1.0
1437,229.0,0.2800632119178772,624.0,1.0
1438,213.0,0.1669522225856781,981.0,1.0
1439,245.0,0.4229053258895874,874.0,1.0
1440,222.0,0.4467737078666687,472.0,1.0
1441,236.0,0.3343968987464905,963.0,1.0
1442,214.0,0.3799022138118744,407.0,1.0
1443,167.0,0.21204201877117157,303.0,1.0
1444,265.0,0.33287739753723145,654.0,1.0
1445,183.0,0.43424028158187866,904.0,1.0
1446,213.0,0.3344978094100952,324.0,1.0
1447,192.0,0.28992700576782227,630.0,1.0
1448,267.0,0.37804996967315674,457.0,1.0
1449,240.0,0.26388460397720337,692.0,1.0
1450,265.0,0.3707406222820282,517.0,1.0
1451,137.0,0.08443164080381393,476.0,1.0
1452,262.0,0.2846473753452301,762.0,1.0
1453,219.0,0.2523892819881439,920.0,1.0
1454,163.0,0.32480326294898987,828.0,1.0
1455,98.0,0.48244932293891907,22.0,1.0
1456,286.0,0.286915123462677,866.0,1.0
1457,195.0,0.4487753212451935,57.0,1.0
1458,237.0,0.12069591134786606,944.0,1.0
1459,39.0,0.30803346633911133,477.0,1.0
1460,232.0,0.3445212244987488,347.0,1.0
1461,183.0,0.38371652364730835,557.0,1.0
1462,196.0,0.46500399708747864,945.0,1.0
1463,221.0,0.3254280388355255,511.0,1.0
1464,196.0,0.45201772451400757,927.0,1.0
1465,247.0,0.2422470897436142,591.0,1.0
1466,207.0,0.30084216594696045,504.0,1.0
1467,25.0,0.48692232370376587,562.0,1.0
1468,169.0,0.28862854838371277,738.0,1.0
1469,193.0,0.44228652119636536,309.0,1.0
1470,278.0,0.3733563721179962,323.0,1.0
1471,91.0,0.3451823890209198,705.0,1.0
1472,253.0,0.29754677414894104,874.0,1.0
1473,235.0,0.35351645946502686,946.0,1.0
1474,243.0,0.2553104758262634,562.0,1.0
1475,206.0,0.2260650098323822,974.0,1.0
1476,210.0,0.4697510302066803,570.0,1.0
1477,216.0,0.19818034768104553,954.0,1.0
1478,244.0,0.1750999093055725,386.0,1.0
1479,143.0,0.11739209294319153,967.0,1.0
1480,135.0,0.2168063521385193,9.0,1.0
1481,262.0,0.37352830171585083,437.0,1.0
1482,237.0,0.4129652678966522,820.0,1.0
1483,287.0,0.500481367111206,990.0,1.0
1484,265.0,0.19813933968544006,967.0,1.0
1485,145.0,0.3844699561595917,751.0,1.0
1486,196.0,0.17961883544921875,652.0,1.0
1487,206.0,0.298673152923584,981.0,1.0
1488,137.0,0.5076636075973511,144.0,1.0
1489,186.0,0.46777045726776123,320.0,1.0
1490,177.0,0.4795428216457367,320.0,1.0
1491,206.0,0.28672564029693604,917.0,1.0
1492,217.0,0.32736754417419434,137.0,1.0
1493,189.0,0.32094869017601013,317.0,1.0
1494,284.0,0.30360233783721924,538.0,1.0
1495,237.0,0.24853917956352234,762.0,1.0
1496,171.0,0.30889594554901123,873.0,1.0
1497,203.0,0.13267651200294495,347.0,1.0
1498,108.0,0.24162939190864563,645.0,1.0
1499,267.0,0.17112331092357635,555.0,1.0
1500,163.0,0.3123597502708435,776.0,1.0
1501,156.0,0.31107059121131897,844.0,1.0
1502,185.0,0.13157594203948975,597.0,1.0
1503,212.0,0.4250190556049347,472.0,1.0
1504,159.0,0.4065668284893036,9.0,1.0
1505,85.0,0.21955248713493347,60.0,1.0
1506,182.0,0.2779902517795563,974.0,1.0
1507,241.0,0.2534525990486145,718.0,1.0
1508,274.0,0.3558589220046997,805.0,1.0
1509,269.0,0.16573618352413177,767.0,1.0
1510,232.0,0.3263036608695984,479.0,1.0
1511,249.0,0.4770568013191223,707.0,1.0
1512,237.0,0.2433362454175949,743.0,1.0
1513,208.0,0.38420990109443665,654.0,1.0
1514,21.0,0.32940760254859924,633.0,1.0
1515,200.0,0.4759589433670044,114.0,1.0
1516,212.0,0.25810107588768005,315.0,1.0
1517,211.0,0.475024938583374,656.0,1.0
1518,158.0,0.2807520925998688,347.0,1.0
1519,298.0,0.29143938422203064,703.0,1.0
1520,204.0,0.40125763416290283,565.0,1.0
1521,279.0,0.4647315442562103,832.0,1.0
1522,279.0,0.1878914088010788,919.0,1.0
1523,161.0,0.48901110887527466,338.0,1.0
1524,188.0,0.2837376892566681,652.0,1.0
1525,173.0,0.33164289593696594,817.0,1.0
1526,233.0,0.38012781739234924,718.0,1.0
1527,260.0,0.09156544506549835,883.0,1.0
1528,200.0,0.3925967514514923,483.0,1.0
1529,223.0,0.11617602407932281,974.0,1.0
1530,226.0,0.41116994619369507,603.0,1.0
1531,140.0,0.4621334373950958,566.0,1.0
1532,247.0,0.23465564846992493,959.0,1.0
1533,217.0,0.46754008531570435,579.0,1.0
1534,258.0,0.3011947572231293,920.0,1.0
1535,119.0,0.2894875705242157,388.0,1.0
1536,139.0,0.09779176115989685,759.0,1.0
1537,253.0,0.33484119176864624,922.0,1.0
1538,204.0,0.06966673582792282,476.0,1.0
1539,168.0,0.4426267445087433,858.0,1.0
1540,271.0,0.3352358639240265,580.0,1.0
1541,89.0,0.41366735100746155,820.0,1.0
1542,152.0,0.43592220544815063,417.0,1.0
1543,126.0,0.49318504333496094,437.0,1.0
1544,251.0,0.2674116790294647,825.0,1.0
1545,205.0,0.40346792340278625,303.0,1.0
1546,281.0,0.4601656496524811,517.0,1.0
1547,193.0,0.4676969647407532,670.0,1.0
1548,196.0,0.3993700444698334,518.0,1.0
1549,258.0,0.3960462510585785,597.0,1.0
1550,283.0,0.48837947845458984,672.0,1.0
1551,174.0,0.1316106766462326,545.0,1.0
1552,202.0,0.25513866543769836,478.0,1.0
1553,247.0,0.45554885268211365,817.0,1.0
1554,288.0,0.19190584123134613,975.0,1.0
1555,186.0,0.4766688346862793,884.0,1.0
1556,263.0,0.27339252829551697,511.0,1.0
1557,210.0,0.38950884342193604,229.0,1.0
1558,200.0,0.3657386004924774,661.0,1.0
1559,64.0,0.38948968052864075,308.0,1.0
1560,227.0,0.4926232397556305,619.0,1.0
1561,220.0,0.2929557263851166,656.0,1.0
1562,276.0,0.3107229471206665,832.0,1.0
1563,179.0,0.22864466905593872,668.0,1.0
1564,255.0,0.44753745198249817,510.0,1.0
1565,153.0,0.2850419878959656,518.0,1.0
1566,272.0,0.4555075466632843,637.0,1.0
1567,265.0,0.37210437655448914,705.0,1.0
1568,195.0,0.316009521484375,974.0,1.0
1569,280.0,0.42094677686691284,978.0,1.0
1570,184.0,0.43173912167549133,562.0,1.0
1571,140.0,0.4471975564956665,300.0,1.0
1572,291.0,0.30857187509536743,923.0,1.0
1573,194.0,0.21598847210407257,563.0,1.0
1574,148.0,0.2984817624092102,498.0,1.0
1575,157.0,0.19825811684131622,762.0,1.0
1576,194.0,0.21289467811584473,571.0,1.0
1577,275.0,0.248072549700737,661.0,1.0
1578,243.0,0.17683684825897217,560.0,1.0
1579,167.0,0.37443411350250244,733.0,1.0
1580,93.0,0.47070828080177307,142.0,1.0
1581,194.0,0.3256347179412842,887.0,1.0
1582,140.0,0.5008134245872498,922.0,1.0
1583,270.0,0.46931979060173035,980.0,1.0
1584,145.0,0.3169758915901184,875.0,1.0
1585,120.0,0.3032597601413727,705.0,1.0
1586,176.0,0.45068755745887756,911.0,1.0
1587,242.0,0.35039591789245605,569.0,1.0
1588,230.0,0.4911671280860901,319.0,1.0
1589,272.0,0.3876580595970154,663.0,1.0
1590,116.0,0.2985750138759613,528.0,1.0
1591,199.0,0.045388732105493546,815.0,1.0
1592,244.0,0.31451740860939026,402.0,1.0
1593,226.0,0.42266249656677246,538.0,1.0
1594,197.0,0.34236210584640503,853.0,1.0
1595,223.0,0.41346457600593567,717.0,1.0
1596,236.0,0.27115949988365173,887.0,1.0
1597,172.0,0.33776170015335083,821.0,1.0
1598,109.0,0.19361723959445953,941.0,1.0
1599,262.0,0.2296711653470993,682.0,1.0
1600,253.0,0.11199118942022324,908.0,1.0
1601,180.0,0.3571208715438843,917.0,1.0
1602,259.0,0.2695121467113495,468.0,1.0
1603,230.0,0.25773802399635315,480.0,1.0
1604,245.0,0.21999028325080872,765.0,1.0
1605,243.0,0.22680242359638214,763.0,1.0
1606,253.0,0.3852896988391876,326.0,1.0
1607,124.0,0.3980177938938141,976.0,1.0
1608,261.0,0.44354790449142456,829.0,1.0
1609,212.0,0.35093727707862854,483.0,1.0
1610,152.0,0.19565065205097198,112.0,1.0
1611,159.0,0.273364782333374,910.0,1.0
1612,240.0,0.33035627007484436,51.0,1.0
1613,193.0,0.43127262592315674,962.0,1.0
1614,234.0,0.490753710269928,983.0,1.0
1615,210.0,0.3773593306541443,820.0,1.0
1616,59.0,0.1418578177690506,857.0,1.0
1617,195.0,0.4219681918621063,912.0,1.0
1618,203.0,0.2102491855621338,665.0,1.0
1619,229.0,0.1941763311624527,984.0,1.0
1620,120.0,0.4443497955799103,319.0,1.0
1621,225.0,0.45703262090682983,309.0,1.0
1622,235.0,0.3654842674732208,468.0,1.0
1623,185.0,0.08187520503997803,708.0,1.0
1624,217.0,0.45872145891189575,474.0,1.0
1625,208.0,0.42786839604377747,963.0,1.0
1626,251.0,0.3496989607810974,866.0,1.0
1627,255.0,0.4775327742099762,874.0,1.0
1628,107.0,0.32014337182044983,897.0,1.0
1629,236.0,0.07020626217126846,980.0,1.0
1630,221.0,0.27378934621810913,458.0,1.0
1631,112.0,0.17978209257125854,993.0,1.0
1632,154.0,0.34506380558013916,304.0,1.0
1633,270.0,0.36204421520233154,979.0,1.0
1634,184.0,0.3166452646255493,595.0,1.0
1635,243.0,0.04519997909665108,791.0,1.0
1636,137.0,0.27496856451034546,970.0,1.0
1637,265.0,0.342833936214447,458.0,1.0
1638,103.0,0.4745435118675232,974.0,1.0
1639,269.0,0.4135136902332306,99.0,1.0
1640,238.0,0.40244388580322266,581.0,1.0
1641,251.0,0.38128507137298584,546.0,1.0
1642,183.0,0.3101552128791809,668.0,1.0
1643,284.0,0.4303126931190491,917.0,1.0
1644,213.0,0.24926616251468658,336.0,1.0
1645,226.0,0.39861005544662476,107.0,1.0
1646,228.0,0.28988099098205566,637.0,1.0
1647,137.0,0.24395987391471863,440.0,1.0
1648,233.0,0.4393681287765503,39.0,1.0
1649,202.0,0.3164075016975403,12.0,1.0
1650,162.0,0.47637951374053955,309.0,1.0
1651,206.0,0.28179043531417847,987.0,1.0
1652,267.0,0.29383334517478943,318.0,1.0
1653,192.0,0.4750528633594513,908.0,1.0
1654,119.0,0.39419353008270264,308.0,1.0
1655,189.0,0.48252981901168823,624.0,1.0
1656,236.0,0.18900765478610992,348.0,1.0
1657,284.0,0.2830647826194763,661.0,1.0
1658,196.0,0.33688971400260925,656.0,1.0
1659,235.0,0.3329412639141083,436.0,1.0
1660,117.0,0.40565064549446106,259.0,1.0
1661,248.0,0.10324426740407944,580.0,1.0
1662,270.0,0.2374332845211029,649.0,1.0
1663,282.0,0.4081740975379944,346.0,1.0
1664,253.0,0.33981508016586304,347.0,1.0
1665,99.0,0.4784856140613556,705.0,1.0
1666,281.0,0.3882712423801422,538.0,1.0
1667,242.0,0.3505203425884247,675.0,1.0
1668,261.0,0.4542527198791504,970.0,1.0
1669,294.0,0.36510664224624634,436.0,1.0
1670,224.0,0.20979082584381104,936.0,1.0
1671,173.0,0.2463969886302948,610.0,1.0
1672,118.0,0.1618822067975998,525.0,1.0
1673,172.0,0.39207667112350464,734.0,1.0
1674,130.0,0.4278700649738312,656.0,1.0
1675,217.0,0.23240798711776733,609.0,1.0
1676,161.0,0.3746703267097473,981.0,1.0
1677,149.0,0.48757654428482056,820.0,1.0
1678,31.0,0.23794199526309967,908.0,1.0
1679,230.0,0.3983364999294281,307.0,1.0
1680,212.0,0.21913819015026093,762.0,1.0
1681,189.0,0.43077898025512695,565.0,1.0
1682,91.0,0.44658181071281433,117.0,1.0
1683,164.0,0.49375730752944946,417.0,1.0
1684,205.0,0.38309744000434875,90.0,1.0
1685,95.0,0.4648943245410919,861.0,1.0
1686,247.0,0.43308818340301514,498.0,1.0
1687,146.0,0.4197322428226471,562.0,1.0
1688,135.0,0.17729581892490387,576.0,1.0
1689,269.0,0.47605380415916443,436.0,1.0
1690,185.0,0.41122618317604065,817.0,1.0
1691,201.0,0.23098842799663544,825.0,1.0
1692,288.0,0.32963868975639343,785.0,1.0
1693,226.0,0.4724125564098358,825.0,1.0
1694,280.0,0.3541099727153778,770.0,1.0
1695,187.0,0.3921968638896942,555.0,1.0
1696,188.0,0.2731090784072876,946.0,1.0
1697,90.0,0.3158857226371765,132.0,1.0
1698,182.0,0.2951560616493225,308.0,1.0
1699,261.0,0.3735622465610504,50.0,1.0
1700,271.0,0.2669678330421448,671.0,1.0
1701,180.0,0.4325598478317261,978.0,1.0
1702,282.0,0.46859192848205566,873.0,1.0
1703,173.0,0.14879314601421356,634.0,1.0
1704,188.0,0.31888532638549805,547.0,1.0
1705,130.0,0.505264937877655,857.0,1.0
1706,231.0,0.31768640875816345,649.0,1.0
1707,253.0,0.4210759699344635,661.0,1.0
1708,206.0,0.4545671343803406,809.0,1.0
1709,285.0,0.1232152134180069,448.0,1.0
1710,248.0,0.28503572940826416,562.0,1.0
1711,245.0,0.49595823884010315,752.0,1.0
1712,220.0,0.32231467962265015,497.0,1.0
1713,175.0,0.07743559032678604,594.0,1.0
1714,209.0,0.4300106465816498,131.0,1.0
1715,235.0,0.4571387767791748,547.0,1.0
1716,241.0,0.4687468707561493,580.0,1.0
1717,174.0,0.3467535674571991,671.0,1.0
1718,202.0,0.43142402172088623,492.0,1.0
1719,257.0,0.3843064308166504,917.0,1.0
1720,220.0,0.3639764189720154,13.0,1.0
1721,247.0,0.36035388708114624,132.0,1.0
1722,122.0,0.4594302475452423,865.0,1.0
1723,242.0,0.1746518760919571,539.0,1.0
1724,189.0,0.339878648519516,688.0,1.0
1725,272.0,0.36292320489883423,541.0,1.0
1726,217.0,0.21803507208824158,521.0,1.0
1727,195.0,0.2588343024253845,973.0,1.0
1728,132.0,0.3938252627849579,321.0,1.0
1729,292.0,0.37499237060546875,749.0,1.0
1730,239.0,0.13586652278900146,777.0,1.0
1731,169.0,0.400351345539093,646.0,1.0
1732,223.0,0.4332212507724762,458.0,1.0
1733,283.0,0.49955621361732483,707.0,1.0
1734,275.0,0.36538949608802795,978.0,1.0
1735,224.0,0.38192668557167053,309.0,1.0
1736,129.0,0.2652076482772827,821.0,1.0
1737,285.0,0.40249860286712646,738.0,1.0
1738,253.0,0.42300352454185486,547.0,1.0
1739,208.0,0.44841358065605164,701.0,1.0
1740,212.0,0.19543097913265228,565.0,1.0
1741,185.0,0.4719025194644928,698.0,1.0
1742,101.0,0.44155871868133545,70.0,1.0
1743,171.0,0.43959155678749084,132.0,1.0
1744,128.0,0.31410253047943115,104.0,1.0
1745,266.0,0.3229880928993225,737.0,1.0
1746,222.0,0.4001077115535736,972.0,1.0
1747,187.0,0.23432335257530212,768.0,1.0
1748,242.0,0.2564249038696289,825.0,1.0
1749,252.0,0.2799516022205353,919.0,1.0
1750,215.0,0.1760473996400833,132.0,1.0
1751,201.0,0.4156414568424225,933.0,1.0
1752,81.0,0.19112089276313782,497.0,1.0
1753,154.0,0.2607309818267822,821.0,1.0
1754,212.0,0.3422655463218689,296.0,1.0
1755,138.0,0.433013379573822,888.0,1.0
1756,205.0,0.3726328909397125,964.0,1.0
1757,252.0,0.4765428304672241,328.0,1.0
1758,218.0,0.3315609097480774,327.0,1.0
1759,238.0,0.4514869749546051,865.0,1.0
1760,298.0,0.4083395004272461,975.0,1.0
1761,240.0,0.4167906641960144,436.0,1.0
1762,153.0,0.11934971064329147,708.0,1.0
1763,284.0,0.22951887547969818,421.0,1.0
1764,196.0,0.2507898807525635,1.0,1.0
1765,145.0,0.37793412804603577,13.0,1.0
1766,167.0,0.3219697177410126,427.0,1.0
1767,17.0,0.17768257856369019,803.0,1.0
1768,298.0,0.052941057831048965,113.0,1.0
1769,286.0,0.39643529057502747,656.0,1.0
1770,258.0,0.4552600383758545,847.0,1.0
1771,243.0,0.47130638360977173,819.0,1.0
1772,111.0,0.3431817889213562,908.0,1.0
1773,283.0,0.4367412030696869,555.0,1.0
1774,213.0,0.4715762138366699,489.0,1.0
1775,282.0,0.31612035632133484,933.0,1.0
1776,281.0,0.4302770793437958,975.0,1.0
1777,223.0,0.32141628861427307,514.0,1.0
1778,262.0,0.2901824116706848,877.0,1.0
1779,123.0,0.480053186416626,628.0,1.0
1780,174.0,0.3322480618953705,130.0,1.0
1781,213.0,0.27725258469581604,972.0,1.0
1782,206.0,0.30495476722717285,903.0,1.0
1783,131.0,0.4516269862651825,895.0,1.0
1784,212.0,0.34501999616622925,150.0,1.0
1785,216.0,0.0876503512263298,819.0,1.0
1786,63.0,0.12452027201652527,681.0,1.0
1787,136.0,0.1930433213710785,741.0,1.0
1788,189.0,0.348714143037796,605.0,1.0
1789,246.0,0.14521072804927826,517.0,1.0
1790,264.0,0.39072537422180176,458.0,1.0
1791,147.0,0.1907046139240265,319.0,1.0
1792,144.0,0.31051960587501526,715.0,1.0
1793,127.0,0.2625281512737274,430.0,1.0
1794,286.0,0.36564838886260986,470.0,1.0
1795,211.0,0.4701099395751953,751.0,1.0
1796,132.0,0.48828333616256714,915.0,1.0
1797,186.0,0.4637734591960907,895.0,1.0
1798,263.0,0.3167248070240021,805.0,1.0
1799,234.0,0.48268625140190125,603.0,1.0
1800,172.0,0.098604716360569,630.0,1.0
1801,207.0,0.4811107814311981,919.0,1.0
1802,146.0,0.5015449523925781,403.0,1.0
1803,32.0,0.09338647127151489,554.0,1.0
1804,237.0,0.3636012375354767,911.0,1.0
1805,181.0,0.4277990460395813,403.0,1.0
1806,193.0,0.29006218910217285,441.0,1.0
1807,248.0,0.2013733834028244,897.0,1.0
1808,229.0,0.42102760076522827,310.0,1.0
1809,151.0,0.34418532252311707,303.0,1.0
1810,163.0,0.4353810250759125,425.0,1.0
1811,152.0,0.4110732674598694,718.0,1.0
1812,256.0,0.35007593035697937,912.0,1.0
1813,155.0,0.48896002769470215,470.0,1.0
1814,237.0,0.4531073272228241,603.0,1.0
1815,290.0,0.06834759563207626,995.0,1.0
1816,218.0,0.48590368032455444,754.0,1.0
1817,147.0,0.4417100250720978,511.0,1.0
1818,214.0,0.35260626673698425,737.0,1.0
1819,288.0,0.4252464175224304,884.0,1.0
1820,208.0,0.4143209457397461,975.0,1.0
1821,103.0,0.11040846258401871,985.0,1.0
1822,221.0,0.22189949452877045,781.0,1.0
1823,212.0,0.40961191058158875,895.0,1.0
1824,130.0,0.5265081524848938,100.0,1.0
1825,256.0,0.4017868638038635,497.0,1.0
1826,191.0,0.44358348846435547,989.0,1.0
1827,132.0,0.5307956337928772,672.0,1.0
1828,157.0,0.3616750240325928,630.0,1.0
1829,177.0,0.292715460062027,668.0,1.0
1830,240.0,0.3823147118091583,821.0,1.0
1831,263.0,0.36735907196998596,864.0,1.0
1832,168.0,0.21637943387031555,335.0,1.0
1833,128.0,0.4537728726863861,779.0,1.0
1834,153.0,0.1489335000514984,2.0,1.0
1835,237.0,0.14276546239852905,717.0,1.0
1836,239.0,0.3878380060195923,406.0,1.0
1837,217.0,0.438411682844162,547.0,1.0
1838,186.0,0.4768413305282593,458.0,1.0
1839,182.0,0.3661954700946808,759.0,1.0
1840,241.0,0.39347484707832336,751.0,1.0
1841,223.0,0.25314703583717346,817.0,1.0
1842,256.0,0.29518598318099976,853.0,1.0
1843,198.0,0.36261531710624695,468.0,1.0
1844,167.0,0.09104952961206436,981.0,1.0
1845,174.0,0.24618583917617798,535.0,1.0
1846,239.0,0.16419434547424316,391.0,1.0
1847,161.0,0.4180830419063568,331.0,1.0
1848,287.0,0.4450671970844269,682.0,1.0
1849,216.0,0.4687666893005371,819.0,1.0
1850,211.0,0.500298261642456,707.0,1.0
1851,151.0,0.3325805366039276,321.0,1.0
1852,254.0,0.4363427758216858,779.0,1.0
1853,149.0,0.38293102383613586,560.0,1.0
1854,174.0,0.2735895812511444,671.0,1.0
1855,261.0,0.251038521528244,355.0,1.0
1856,161.0,0.4321860373020172,819.0,1.0
1857,246.0,0.346062570810318,772.0,1.0
1858,291.0,0.41443172097206116,922.0,1.0
1859,250.0,0.34812578558921814,406.0,1.0
1860,241.0,0.49935197830200195,403.0,1.0
1861,266.0,0.3707016110420227,814.0,1.0
1862,209.0,0.23864194750785828,847.0,1.0
1863,257.0,0.4461127519607544,890.0,1.0
1864,144.0,0.4256111979484558,874.0,1.0
1865,178.0,0.34275728464126587,94.0,1.0
1866,248.0,0.19585122168064117,518.0,1.0
1867,293.0,0.30954429507255554,881.0,1.0
1868,252.0,0.31376680731773376,819.0,1.0
1869,215.0,0.2545478641986847,825.0,1.0
1870,217.0,0.4791770279407501,113.0,1.0
1871,183.0,0.3311554491519928,475.0,1.0
1872,272.0,0.40416523814201355,557.0,1.0
1873,281.0,0.4559999406337738,652.0,1.0
1874,272.0,0.1025940552353859,703.0,1.0
1875,187.0,0.4111749529838562,938.0,1.0
1876,163.0,0.47300833463668823,535.0,1.0
1877,216.0,0.38434720039367676,979.0,1.0
1878,75.0,0.14907221496105194,736.0,1.0
1879,250.0,0.3058225214481354,698.0,1.0
1880,140.0,0.38271564245224,985.0,1.0
1881,224.0,0.18427662551403046,978.0,1.0
1882,287.0,0.36233022809028625,972.0,1.0
1883,294.0,0.16284222900867462,471.0,1.0
1884,106.0,0.3482946753501892,421.0,1.0
1885,295.0,0.4044058322906494,404.0,1.0
1886,143.0,0.3595694303512573,770.0,1.0
1887,106.0,0.05524535849690437,879.0,1.0
1888,291.0,0.40389642119407654,157.0,1.0
1889,257.0,0.49086374044418335,759.0,1.0
1890,277.0,0.25125715136528015,498.0,1.0
1891,156.0,0.45134350657463074,94.0,1.0
1892,285.0,0.41617029905319214,518.0,1.0
1893,201.0,0.4185452461242676,895.0,1.0
1894,136.0,0.4950835704803467,308.0,1.0
1895,141.0,0.35210466384887695,264.0,1.0
1896,272.0,0.2162320464849472,990.0,1.0
1897,292.0,0.4796278774738312,985.0,1.0
1898,205.0,0.1517515927553177,718.0,1.0
1899,182.0,0.3982180655002594,483.0,1.0
1900,210.0,0.34359297156333923,403.0,1.0
1901,250.0,0.39214399456977844,858.0,1.0
1902,263.0,0.3101043403148651,887.0,1.0
1903,140.0,0.2436298429965973,366.0,1.0
1904,193.0,0.39192941784858704,668.0,1.0
1905,101.0,0.4073578119277954,119.0,1.0
1906,194.0,0.4009852707386017,450.0,1.0
1907,258.0,0.40067246556282043,404.0,1.0
1908,214.0,0.224544495344162,483.0,1.0
1909,214.0,0.40677016973495483,880.0,1.0
1910,248.0,0.35538214445114136,406.0,1.0
1911,167.0,0.4455568194389343,319.0,1.0
1912,219.0,0.3244588375091553,698.0,1.0
1913,203.0,0.40847960114479065,972.0,1.0
1914,77.0,0.5206326246261597,779.0,1.0
1915,194.0,0.2652631103992462,698.0,1.0
1916,194.0,0.291066437959671,933.0,1.0
1917,254.0,0.3833279013633728,975.0,1.0
1918,248.0,0.2698545753955841,919.0,1.0
1919,229.0,0.35806646943092346,895.0,1.0
1920,258.0,0.13809707760810852,980.0,1.0
1921,212.0,0.2299594283103943,883.0,1.0
1922,266.0,0.2883581221103668,521.0,1.0
1923,235.0,0.23704777657985687,979.0,1.0
1924,192.0,0.21072284877300262,985.0,1.0
1925,244.0,0.4150659739971161,976.0,1.0
1926,198.0,0.4377955198287964,976.0,1.0
1927,208.0,0.48751169443130493,113.0,1.0
1928,281.0,0.269054114818573,698.0,1.0
1929,121.0,0.12469946593046188,341.0,1.0
1930,195.0,0.4356037974357605,779.0,1.0
1931,234.0,0.2987404465675354,489.0,1.0
1932,207.0,0.17721307277679443,317.0,1.0
1933,266.0,0.35265788435935974,404.0,1.0
1934,266.0,0.2312258630990982,472.0,1.0
1935,254.0,0.21825924515724182,421.0,1.0
1936,170.0,0.2954193651676178,661.0,1.0
1937,186.0,0.4170990586280823,608.0,1.0
1938,198.0,0.36839792132377625,340.0,1.0
1939,217.0,0.2911238372325897,480.0,1.0
1940,237.0,0.33074188232421875,649.0,1.0
1941,177.0,0.2642359137535095,75.0,1.0
1942,168.0,0.3215923309326172,970.0,1.0
1943,212.0,0.19329939782619476,518.0,1.0
1944,202.0,0.17093853652477264,799.0,1.0
1945,203.0,0.35932859778404236,884.0,1.0
1946,237.0,0.11094117164611816,421.0,1.0
1947,245.0,0.4341992437839508,668.0,1.0
1948,289.0,0.1808425337076187,437.0,1.0
1949,237.0,0.4279190003871918,975.0,1.0
1950,149.0,0.40844812989234924,630.0,1.0
1951,198.0,0.23595595359802246,560.0,1.0
1952,297.0,0.30568549036979675,460.0,1.0
1953,241.0,0.3804876208305359,73.0,1.0
1954,134.0,0.36106225848197937,538.0,1.0
1955,275.0,0.44015181064605713,479.0,1.0
1956,238.0,0.3573703169822693,671.0,1.0
1957,226.0,0.41478073596954346,979.0,1.0
1958,0.0,0.0,0.0,1.0
1959,238.0,0.23242157697677612,284.0,1.0
1960,42.0,0.11018829047679901,718.0,1.0
1961,246.0,0.32840695977211,649.0,1.0
1962,139.0,0.34636542201042175,37.0,1.0
1963,163.0,0.34924057126045227,884.0,1.0
1964,218.0,0.371610164642334,442.0,1.0
1965,185.0,0.2212001532316208,57.0,1.0
1966,249.0,0.20014376938343048,829.0,1.0
1967,236.0,0.2150440365076065,912.0,1.0
1968,123.0,0.4586619734764099,703.0,1.0
1969,234.0,0.3491306006908417,436.0,1.0
1970,266.0,0.3400913178920746,928.0,1.0
1971,196.0,0.3044985830783844,483.0,1.0
1972,224.0,0.43063849210739136,404.0,1.0
1973,258.0,0.4588930904865265,547.0,1.0
1974,216.0,0.17262235283851624,497.0,1.0
1975,99.0,0.15691080689430237,930.0,1.0
1976,284.0,0.3152763545513153,919.0,1.0
1977,265.0,0.07735376060009003,385.0,1.0
1978,238.0,0.37887391448020935,511.0,1.0
1979,189.0,0.20124691724777222,908.0,1.0
1980,160.0,0.203329399228096,560.0,1.0
1981,91.0,0.45904767513275146,779.0,1.0
1982,146.0,0.36500391364097595,985.0,1.0
1983,244.0,0.43158379197120667,580.0,1.0
1984,208.0,0.3434089422225952,970.0,1.0
1985,277.0,0.3901154100894928,847.0,1.0
1986,288.0,0.2398850917816162,972.0,1.0
1987,253.0,0.12701284885406494,663.0,1.0
1988,239.0,0.36839377880096436,963.0,1.0
1989,112.0,0.41398757696151733,671.0,1.0
1990,212.0,0.41719239950180054,718.0,1.0
1991,230.0,0.24116377532482147,406.0,1.0
1992,109.0,0.42511507868766785,573.0,1.0
1993,142.0,0.47085413336753845,10.0,1.0
1994,157.0,0.35457009077072144,141.0,1.0
1995,222.0,0.3036297559738159,526.0,1.0
1996,255.0,0.3806028962135315,703.0,1.0
1997,245.0,0.33456236124038696,468.0,1.0
1998,223.0,0.3524215817451477,562.0,1.0
1999,239.0,0.3129897713661194,886.0,1.0
